Begin,dissapear,Content,speaker
"00:00:59,734","00:01:03,067",I have today ordered to Vietnam the Airmobile Division,LYNDON JOHNSON
"00:01:03,817","00:01:07,192",and certain other forces which will raise our fighting strength,LYNDON JOHNSON
"00:01:13,734","00:01:17,442",This will make it necessary to increase our active fighting forces,LYNDON JOHNSON
"00:01:17,525","00:01:23,192","by raising the monthly draft call from 17,000 to 35,000.",LYNDON JOHNSON
"00:01:27,650","00:01:30,400",All those whose birthday falls on December 30th.,YOUNG MAN
"00:01:27,650","00:01:30,400",All those whose birthday falls on December 30th.,YOUNG MAN
"00:01:30,484","00:01:33,150",President Johnson announced new monthlyï¿½draft totals,REPORTER #1
"00:01:33,234","00:01:34,734","increasing to 35,000 per month.",REPORTER #3
"00:01:34,817","00:01:36,751","- 43,000 per month... - 51,000...",REPORTER #2
"00:01:36,775","00:01:42,067","382,386 men between the ages of 18 and 24 have been called to duty.",REPORTER #4
"00:01:45,067","00:01:50,234",that no one who has any concern for the integrity and life of America today,MARTIN LUTHER KING
"00:01:55,817","00:01:59,442","part of the autopsy must read, ""Vietnam.""",MARTIN LUTHER KING
"00:02:00,442","00:02:02,817","What we need in the United States is not hatred,",ROBERT KENNEDY
"00:02:02,900","00:02:05,442",but is love and wisdom.,ROBERT KENNEDY
"00:02:08,817","00:02:12,567",to say a prayer for the family of Martin Luther King.,ROBERT KENNEDY
"00:02:25,984","00:02:28,609",What we saw were population centers.,RENNIE
"00:02:28,692","00:02:30,942","Schoolhouses, pagodas, women and children.",RENNIE
"00:02:34,942","00:02:38,275",Women and children were burned alive. Tom?,RENNIE
"00:02:41,567","00:02:45,317",is gonna end up nominating Hubert Humphrey next month in Chicago.,TOM
"00:02:46,317","00:02:49,650","Now, when it comes to the war and social justice,",TOM
"00:02:52,484","00:02:54,900",between Humphrey and Nixon to make a difference.,TOM
"00:02:54,984","00:02:56,817","And so, we're going to Chicago.",TOM
"00:02:56,900","00:02:59,900","Young people, by busloads, will go to Chicago",TOM
"00:02:59,984","00:03:03,317",to show our solidarity and our disgust.,TOM
"00:03:03,400","00:03:04,900",But most importantly...,TOM
"00:03:04,984","00:03:07,775",To get laid by someone you just met.,ABBIE
"00:03:11,525","00:03:14,942",none of these bumper-sticker patriots in Washington could find on a map,JERRY
"00:03:19,942","00:03:23,400","Anyone who stays in the park, sings Woody Guthrie, they'll be fine.",ABBIE
"00:03:24,484","00:03:27,817","But the cops are gonna be a half-inch from losin' their fuckin' minds,",ABBIE
"00:03:30,900","00:03:33,775",We're goin' to Chicago peacefully. We're goin' peacefully.,ABBIE
"00:03:36,234","00:03:39,567",you better believe that we're gonna meet that violence with...,ABBIE
"00:03:39,650","00:03:43,067","Nonviolence. Always nonviolence, and that's without exception.",DAVE
"00:03:47,900","00:03:49,859","David, he watches the news.",MRS. DELLINGER
"00:03:51,317","00:03:55,109",This one will be no different in that it almost certainly won't work.,DAVE
"00:03:55,192","00:03:56,275",The police are--,TOM
"00:03:56,359","00:03:59,150",I'm not worried about them. I'm worried about Hoffman and Rubin.,MRS. DELLINGER
"00:03:59,234","00:04:01,567","It's the Democratic National Convention, honey.",DAVE
"00:04:01,650","00:04:04,067","Every camera in America is gonna be pointed at it,",DAVE
"00:04:04,150","00:04:07,359",and Daley is not gonna let his city turn into a theater of war.,DAVE
"00:04:07,442","00:04:10,109",Hoffman and Rubin are geniuses in their own special way.,DAVE
"00:04:10,192","00:04:12,400","- Oh, dear God. - He's got a Boy Scout meeting at 7:00.",DAVE
"00:04:13,317","00:04:14,775","Dad, if the police--",DAVE
"00:04:16,234","00:04:19,442","I'll do what I always do and what I taught you to do, which is what?",DAVE
"00:04:20,609","00:04:22,859",Very calmly and very politely...,SON
"00:04:22,942","00:04:26,317",Fuck the motherfuckers up! They leave us alone and everything's cool.,BOBBY
"00:04:26,400","00:04:27,859","They tangle, disrupt, intimidate,",BOBBY
"00:04:27,942","00:04:29,984","play fast and loose with the First Amendment,",BOBBY
"00:04:30,067","00:04:32,484","start breaking heads, then we will not be on our way.",BOBBY
"00:04:32,567","00:04:34,234",You can't give this speech in Chicago.,SONDRA
"00:04:37,859","00:04:40,067","Between Hayden and Hoffman, there could be 5,000 people.",BOBBY
"00:04:41,692","00:04:43,484",Not while you're in trouble in Connecticut.,SONDRA
"00:04:41,692","00:04:43,484",Not while you're in trouble in Connecticut.,BOBBY
"00:04:43,567","00:04:45,734","I'm the head of the Black Panthers, Sondra.",BOBBY
"00:04:47,817","00:04:50,859","You'll be in a lot more of it if you stand up and say, ""Fry the pigs.""",SONDRA
"00:04:50,942","00:04:52,734",If they attack. Takin' it out of context.,BOBBY
"00:04:52,817","00:04:56,150",So will every white person in America. Cops won't give a shit about context.,SONDRA
"00:04:57,859","00:04:59,400",There's no place to be but in it.,BOBBY
"00:04:59,484","00:05:01,400","- But ""fry the pigs""? - If they attack--",SONDRA
"00:05:01,484","00:05:02,942",- Dr. King-- - Is dead.,SONDRA
"00:05:03,025","00:05:05,817",He has a dream? Now he has a fuckin' bullet in his head.,BOBBY
"00:05:05,900","00:05:07,942","Martin's dead, Malcolm's dead, Medgar's dead,",BOBBY
"00:05:09,859","00:05:12,317","They tried it peacefully, we gonna try something else.",BOBBY
"00:05:12,400","00:05:15,192","Sondra, I'll be there for four hours. That's it.",BOBBY
"00:05:21,484","00:05:22,900",You'll at least take one of these?,SONDRA
"00:05:22,984","00:05:26,025","If I knew how to use that, I wouldn't need to be making speeches.",BOBBY
"00:05:30,067","00:05:34,525",It's named after the Russian commissar Vyacheslav Mikhailovich Molotov.,JERRY
"00:05:44,650","00:05:47,484","You pack some Styrofoam, and now your cherry bomb.",JERRY
"00:05:49,192","00:05:50,692",Some chewing gum around the top...,JERRY
"00:05:54,692","00:05:55,942",...and a fuse.,JERRY
"00:05:56,025","00:05:57,025",Now!,STUDENT
"00:06:11,150","00:06:12,900",- Is that Jerry? - Yeah.,TOM
"00:06:12,984","00:06:15,900",Tell him to tell Abbie we're going to Chicago to end the war,TOM
"00:06:17,525","00:06:20,400",Tom says to tell Abbie that we're going to Chicago to end the war,RENNIE
"00:06:22,567","00:06:26,317",Hayden says we're goin' to Chicago to end the war and not to fuck around.,JERRY
"00:06:26,400","00:06:29,275",Tell Hayden I went to Brandeis and I can do both.,ABBIE
"00:06:33,317","00:06:37,817","People say, ""Abbie, are you concerned about an overreaction from the cops?""",ABBIE
"00:06:37,900","00:06:41,025",I issued a police order to shoot to kill any arsonists.,DALEY
"00:06:41,109","00:06:42,567",We're not concerned about it.,ABBIE
"00:06:42,650","00:06:45,942","Four units of the Illinois National Guard, totaling 5,000 troops,",REPORTER #5
"00:06:42,650","00:06:45,942","Four units of the Illinois National Guard, totaling 5,000 troops,",KUNSTLER
"00:06:47,525","00:06:48,692",We're countin' on it!,ABBIE
"00:06:48,775","00:06:52,192","We wanna underscore again that we're coming to Chicago peacefully,",TOM
"00:06:55,067","00:06:58,609","An additional 10,000 Chicago police officers, including riot squads...",REPORTER #6
"00:07:01,525","00:07:04,609",but we are going to storm the hearts and minds of the American people.,DAVE
"00:07:07,025","00:07:10,359",bent on the destruction of the government of the United States of America.,GOVERNMENT OFFICIAL
"00:07:10,442","00:07:15,650",The Democratic Convention is about to begin in a police state.,WALTER CRONKITE
"00:07:40,400","00:07:42,900",You've arrived at a moment in history.,SECRETARY
"00:07:44,400","00:07:47,192",- Pardon? - They're changing the picture.,SECRETARY
"00:07:53,692","00:07:55,317",- Tom. - Howard.,FORAN
"00:07:55,400","00:07:56,859",- Flew in all right? - Sure.,HOWARD
"00:07:59,025","00:08:01,525","Howard Ackerman, Special Advisor to the Attorney General.",HOWARD
"00:08:01,609","00:08:03,960",- Pleased to meet you. - Anyone tell you what this is about?,HOWARD
"00:08:03,984","00:08:07,692","No, sir. Just to meet Mr. Foran at O'Hare this morning, we'd fly to Washington.",SCHULTZ
"00:08:10,650","00:08:14,109",Finally changing that goddamn picture. Come on in.,HOWARD
"00:08:19,525","00:08:21,484","As a matter of courtesy and tradition,",MITCHELL
"00:08:21,567","00:08:25,109","when we elect a new president, the outgoing cabinet members resign",MITCHELL
"00:08:25,192","00:08:28,275",to spare the new president the unpleasantness of firing 'em.,MITCHELL
"00:08:31,109","00:08:33,984",received Ramsey Clark's formal letter of resignation?,MITCHELL
"00:08:38,859","00:08:42,234","I don't know, I think it was more embarrassing for Ramsey Clark.",MITCHELL
"00:08:43,317","00:08:45,942","Thomas Foran, Mr. Attorney General, and this is Richard Schultz.",FORAN
"00:08:46,025","00:08:49,692","Richard, Chicago is more fucked up than any ten things I've ever seen in my life.",MITCHELL
"00:08:49,775","00:08:51,650","- Sir? - The convention, the riots.",HOWARD
"00:09:08,734","00:09:10,400","- No, sir. - Why the fuck not?",JERRY
"00:09:31,400","00:09:34,900","As a matter of fact, we don't believe any federal laws were broken last summer.",SCHULTZ
"00:09:37,984","00:09:41,442","There was trespassing, destruction of public property, lewd behavior.",SCHULTZ
"00:09:41,525","00:09:43,484",Nothing that would rise to the level--,SCHULTZ
"00:09:46,275","00:09:50,442",because I want you to seek an indictment for violating a federal trespassing law?,MITCHELL
"00:09:51,317","00:09:53,692",Our office wasn't aware that the Justice Department,SCHULTZ
"00:09:55,484","00:09:57,400",- We do. - Ramsey Clark was dead set against--,SCHULTZ
"00:09:57,484","00:09:59,775","Ramsey Clark doesn't run the Justice Department anymore,",MITCHELL
"00:10:03,650","00:10:06,109","One hour before my confirmation hearing gaveled,",MITCHELL
"00:10:09,359","00:10:10,484",That's unprofessional.,SCHULTZ
"00:10:10,567","00:10:13,650",Unprofessional? It was unpatriotic. I'll tell you what else.,MITCHELL
"00:10:13,734","00:10:17,234",It was impolite. There's such a thing as manners.,MITCHELL
"00:10:22,859","00:10:26,025",'Cause I asked Mr. Foran who was the best prosecutor in his office.,MITCHELL
"00:10:27,942","00:10:30,859",Section 2101 of Title 18.,HOWARD
"00:10:30,942","00:10:32,900",That's the federal law that was broken.,MITCHELL
"00:10:32,984","00:10:34,609",That's the Rap Brown Law.,SCHULTZ
"00:10:38,400","00:10:41,442",Comes with a maximum of ten years. We want all ten.,HOWARD
"00:10:41,525","00:10:43,650","- For whom, sir? - The all-star team.",HOWARD
"00:10:50,400","00:10:54,150","Lee Weiner, John Froines... and Bobby Seale?""",SCHULTZ
"00:10:54,234","00:10:58,234","I call 'em the school boys, and when I do, everyone here knows who I'm talking about.",MITCHELL
"00:11:00,234","00:11:03,817","And we watched for a decade while these rebels without a job,",MITCHELL
"00:11:12,067","00:11:16,734",and I deem these shitty little fairies to be a threat to national security.,MITCHELL
"00:11:16,817","00:11:20,359",So they're gonna spend their thirties in a federal facility.,MITCHELL
"00:11:23,317","00:11:25,650",You understand why I couldn't tell you until we got here?,FORAN
"00:11:25,734","00:11:26,817","Sure. Of course, sir.",SCHULTZ
"00:11:26,900","00:11:31,067","Richard, you're being handed the ball. Are you ready for this?",HOWARD
"00:11:33,567","00:11:34,900",You pay me for my opinion.,SCHULTZ
"00:11:35,484","00:11:37,900","- What? - I said, sir, you pay me for my opinion.",SCHULTZ
"00:11:37,984","00:11:40,567",Where'd you learn that? In class? I pay you to win.,MITCHELL
"00:11:40,650","00:11:43,150",I'm not sure we can get a good indictment on conspiracy.,SCHULTZ
"00:11:43,234","00:11:45,942",- Why not? - Some of them have never met each other.,SCHULTZ
"00:11:46,025","00:11:47,275",Telephones.,MITCHELL
"00:13:12,859","00:13:15,359",You didn't show a lot of gratitude in there.,FORAN
"00:13:16,400","00:13:20,734","On top of everything, we're giving them what they want: a stage and an audience.",SCHULTZ
"00:13:21,359","00:13:23,484",You think there's gonna be a big audience?,FORAN
"00:13:27,192","00:13:28,442","Yes, sir, I do.",SCHULTZ
"00:13:37,525","00:13:39,525",Power to the people!,TOM
"00:13:53,150","00:13:54,275","Abbie, over here.",RENNIE
"00:13:54,359","00:13:57,692","- I was, until I saw that. - Most of them are on our side.",ABBIE
"00:13:57,775","00:13:59,859","- We love you, Abbie! - See?",CROWD MEMBER
"00:14:01,984","00:14:04,734",Jesus Christ! How did you do that?,ABBIE
"00:14:01,067","00:14:01,900",Watch out!,JUDGE HOFFMAN
"00:14:05,609","00:14:06,609",Experience.,JERRY
"00:14:11,275","00:14:13,150",You don't know what to do with the egg now?,ABBIE
"00:14:22,484","00:14:25,942",I want you all to meet a new addition to the defense team.,KUNSTLER
"00:14:26,025","00:14:28,150","This is Leonard Weinglass,",KUNSTLER
"00:14:28,234","00:14:31,442",one of this country's most talented First Amendment litigators.,KUNSTLER
"00:14:31,525","00:14:33,984","- Bill, can you tell us-- - Go ahead, Sy.",REPORTER
"00:14:34,067","00:14:35,525",What's the status of Charles Garry?,SY
"00:14:38,442","00:14:41,359",You should contact his office for information.,KUNSTLER
"00:14:43,025","00:14:44,775",You're representing Bobby Seale today?,MARJORIE
"00:14:44,859","00:14:48,817","Oh, no, it's very important that it be understood that, uh,",KUNSTLER
"00:14:51,609","00:14:54,525",I will not be acting as Bobby Seale's attorney today.,KUNSTLER
"00:14:55,525","00:14:59,275","I was told that Hayden was the one who wanted to bring Mr. Weinglass in,",JACK
"00:15:04,692","00:15:07,817","You wanna find out how serious he is, meet him at a witness stand.",WEINGLASS
"00:15:42,275","00:15:45,442","I understand why they're tryin' to smoke Abbie, Jerry and Hayden,",FROINES
"00:15:46,942","00:15:49,817",but I can't figure out what the two of us are doin' here.,FROINES
"00:15:49,900","00:15:53,692","I feel exactly the same way, but this is the Academy Awards of protests,",WEINER
"00:16:02,567","00:16:05,567",Americans who've been killed since the day we were arrested.,RENNIE
"00:16:07,275","00:16:10,942","With the trial starting, it might get easy to forget who this is about.",RENNIE
"00:16:30,109","00:16:34,609","Whatever's going on between you and Abbie, could you keep it out of this building?",KUNSTLER
"00:16:34,692","00:16:37,692",I got a feeling this is gearing up to be...,TOM
"00:17:03,900","00:17:05,817",Did you have breakfast this morning?,KUNSTLER
"00:17:08,192","00:17:10,234",- What? - Did you have breakfast?,KUNSTLER
"00:17:16,567","00:17:19,109",because that's all I'm allowed to talk to him about.,KUNSTLER
"00:17:19,192","00:17:20,192",That's right.,FRED
"00:17:19,192","00:17:20,192",That's right.,BOBBY
"00:17:19,192","00:17:20,192",That's right.,JUDGE HOFFMAN
"00:17:21,900","00:17:23,942",- Bobby-- - We have instructions from our lawyer.,FRED
"00:17:26,775","00:17:29,692","You just look at me and you say, ""I need you.""",KUNSTLER
"00:17:30,650","00:17:33,317","- We don't need you, Bill. - You two gonna be like this?",BOBBY
"00:17:34,775","00:17:38,192",Your friends shouldn't sit together. The jury's not gonna like that.,KUNSTLER
"00:17:38,275","00:17:40,067",This isn't my jury. If they don't like it--,BOBBY
"00:17:40,150","00:17:41,192","No, he's right.",BOBBY
"00:17:44,734","00:17:47,900","Spread out, okay? In pairs.",FRED
"00:17:48,442","00:17:49,525",And Fred?,KUNSTLER
"00:17:48,442","00:17:49,525",And Fred?,KUNSTLER
"00:17:50,900","00:17:53,275","- No, they're dressed just fine. - It's all right.",BOBBY
"00:17:54,025","00:17:56,609",And take your very scary hats off.,FRED
"00:18:01,650","00:18:02,650",Don't mess this up.,FRED
"00:18:04,567","00:18:06,817",All right. Good pep talk.,KUNSTLER
"00:18:14,984","00:18:16,275",You see the crowd out there?,ABBIE
"00:18:17,234","00:18:18,442",I have an egg.,SCOTT
"00:18:18,525","00:18:20,859",- Get rid of that. - You don't think I want to?,JERRY
"00:18:20,942","00:18:23,692",It's like we're... What's his name? We just met him.,ABBIE
"00:18:23,775","00:18:25,734",- Yeah. - What is his name?,ABBIE
"00:18:25,817","00:18:28,317",- Who? - The drummer. The greatest drummer ever.,ABBIE
"00:18:28,400","00:18:29,234",Gene Krupa?,JERRY
"00:18:29,317","00:18:32,109",No. Gene Krupa? I'm talkin' about the drummer from Cream.,ABBIE
"00:18:33,692","00:18:35,609",- Ginger Baker. - Thank you.,JERRY
"00:18:36,400","00:18:39,650","Crowd outside is so big, it's as if we're Ginger Baker, I was trying to say.",ABBIE
"00:18:48,942","00:18:50,400",You remember what I said.,KUNSTLER
"00:18:50,900","00:18:53,650","Okay, and you remember to keep us out of prison.",TOM
"00:18:54,317","00:18:56,567",There's a lot of good advice this morning.,KUNSTLER
"00:19:05,525","00:19:10,484","Hear ye, hear ye. September 26th, 1969, ten o'clock a.m.",BAILIFF
"00:19:10,567","00:19:13,359",All persons having business before the United States District Court,BAILIFF
"00:19:19,942","00:19:22,775",God save the United States of America and this Honorable Court.,BAILIFF
"00:19:22,859","00:19:24,067",Be seated.,JUDGE HOFFMAN
"00:19:22,859","00:19:24,067",Be seated.,TOM
"00:19:26,275","00:19:29,650","Mr. Marshal, bring in our jury.",JUDGE HOFFMAN
"00:19:41,317","00:19:44,442",Let the record show that we have been joined,JUDGE HOFFMAN
"00:19:48,150","00:19:50,484","Good morning, ladies and gentlemen.",KUNSTLER
"00:19:52,650","00:19:55,734","Mrs. Winter, please call the case.",JUDGE HOFFMAN
"00:19:58,817","00:20:03,359","United States of America vs. David Dellinger,",MRS. WINTER
"00:20:03,442","00:20:06,525","Rennard C. Davis, Thomas Hayden,",MRS. WINTER
"00:20:06,609","00:20:09,775","Abbott Hoffman, Jerry C. Rubin,",SCHULTZ
"00:20:06,609","00:20:09,775","Abbott Hoffman, Jerry C. Rubin,",MRS. WINTER
"00:20:09,859","00:20:15,609","Lee Weiner, John R. Froines and Bobby G. Seale for trial.",MRS. WINTER
"00:20:15,692","00:20:18,025",Are the People ready to make opening arguments?,JUDGE HOFFMAN
"00:20:18,109","00:20:19,109","We are, Your Honor.",SCHULTZ
"00:20:19,150","00:20:22,359",- I don't have my lawyer here. - It's not your turn to speak.,BOBBY
"00:20:22,442","00:20:24,234",My trial's begun without my lawyer.,BOBBY
"00:20:24,317","00:20:26,817",Please sit.,JUDGE HOFFMAN
"00:20:38,609","00:20:41,609",I'm an assistant US attorney for the Southern District of Illinois.,SCHULTZ
"00:20:41,692","00:20:44,567","Seated at my table is my boss, US Attorney Thomas Foran.",SCHULTZ
"00:20:50,984","00:20:54,442","represented by their lawyers William Kunstler, Leonard Weinglass.",SCHULTZ
"00:21:04,067","00:21:07,192",I'd like to clarify something for the jurors.,JUDGE HOFFMAN
"00:21:07,275","00:21:10,025",There are two Hoffmans in this courtroom.,JUDGE HOFFMAN
"00:21:10,109","00:21:14,775","The defendant Abbie Hoffman and myself, Judge Julius Hoffman.",JUDGE HOFFMAN
"00:21:16,650","00:21:19,150",I didn't want there to be confusion on the matter.,JUDGE HOFFMAN
"00:21:19,234","00:21:21,484","Man, I don't think they're gonna mix us up.",ABBIE
"00:21:25,900","00:21:28,817",and you will not address this court until...,JUDGE HOFFMAN
"00:21:28,900","00:21:30,650",You will not address this court!,JUDGE HOFFMAN
"00:21:28,900","00:21:30,650",You will not address this court!,JUDGE HOFFMAN
"00:21:33,275","00:21:36,234",The defendants would tell you they represent three different groups.,SCHULTZ
"00:21:33,275","00:21:36,234",The defendants would tell you they represent three different groups.,SCHULTZ
"00:21:38,567","00:21:42,567",that defendant Hoffman and I are not related.,JUDGE HOFFMAN
"00:21:42,650","00:21:44,067","Father, no!",ABBIE
"00:21:45,567","00:21:48,692","Mr. Hoffman, are you familiar with contempt of court?",JUDGE HOFFMAN
"00:21:49,359","00:21:52,525","It's practically a religion for me, sir.",ABBIE
"00:21:59,067","00:22:02,484","Rennie Davis and Tom Hayden are the leaders of the SDS,",SCHULTZ
"00:22:10,567","00:22:13,150",in order to disrupt the Democratic Convention.,SCHULTZ
"00:22:16,859","00:22:19,525",Their leaders are Abbie Hoffman and Jerry Rubin.,SCHULTZ
"00:22:19,609","00:22:22,984",Bobby Seale is the leader of the Black Panther Party.,JUDGE HOFFMAN
"00:22:23,567","00:22:27,400","Again, the defendants would tell you that these are three distinct groups.",SCHULTZ
"00:22:30,317","00:22:32,442","- May I speak? - No, sir.",BOBBY
"00:22:32,525","00:22:33,609",He just said my name.,BOBBY
"00:22:33,692","00:22:37,442",You're a defendant in this case. You're likely to hear your name.,JUDGE HOFFMAN
"00:22:37,525","00:22:41,275","I have a right to counsel, and His Honor knows that.",BOBBY
"00:22:41,359","00:22:45,525",Don't tell the court what it does and does not know. Be seated.,JUDGE HOFFMAN
"00:22:48,859","00:22:50,234",Mr. Schultz.,JUDGE HOFFMAN
"00:22:55,692","00:22:57,734",They're the radical left in different costumes.,SCHULTZ
"00:22:59,650","00:23:02,484",and a plan among two or more people is a conspiracy.,SCHULTZ
"00:23:03,067","00:23:05,692",The defendants crossed state lines to execute their plan.,SCHULTZ
"00:23:09,400","00:23:11,734",and there's one thing you already know.,SCHULTZ
"00:23:21,817","00:23:22,650",Weiner.,FROINES
"00:24:00,567","00:24:03,734",the defendants are the only ones on record as knowing their own names.,KUNSTLER
"00:24:03,817","00:24:05,567","Be seated, Mr. Schultz...",JUDGE HOFFMAN
"00:24:09,859","00:24:12,275",I object to being characterized as a member of this group.,BOBBY
"00:24:14,775","00:24:16,609",Is Mr. Garry here today?,JUDGE HOFFMAN
"00:24:18,150","00:24:19,692",Are you representing Mr. Seale?,JUDGE HOFFMAN
"00:24:26,609","00:24:28,775",Have you concluded your opening statement?,JUDGE HOFFMAN
"00:24:29,692","00:24:30,817","Yes, Your Honor.",SCHULTZ
"00:24:29,692","00:24:30,817","Yes, Your Honor.",SCHULTZ
"00:24:30,900","00:24:33,567",My lawyer Charles Garry is in a hospital in Oakland,BOBBY
"00:24:37,484","00:24:39,650",You are sitting right next to the man.,JUDGE HOFFMAN
"00:24:39,734","00:24:42,109",Just represent him. It's the same case.,JUDGE HOFFMAN
"00:24:45,109","00:24:47,609",does not satisfy the requirements of due process.,KUNSTLER
"00:24:47,692","00:24:48,775",I have a right--,BOBBY
"00:24:48,859","00:24:53,817",A motion was made for postponement due to Mr. Garry's medical condition.,KUNSTLER
"00:24:53,900","00:24:56,609",I was there. Your Honor denied that motion.,KUNSTLER
"00:24:56,692","00:24:59,775","Therefore, Mr. Seale is here without legal representation.",KUNSTLER
"00:24:59,859","00:25:04,650","I don't care for your general tone, Mr. Kunstler.",JUDGE HOFFMAN
"00:25:07,109","00:25:11,567",I'm trying to be clear that I can't muddy Mr. Seale's grounds for appeal,KUNSTLER
"00:25:13,567","00:25:17,025","I don't ask you to compromise Mr. Seale's position, sir.",JUDGE HOFFMAN
"00:25:17,109","00:25:21,400",But I will not permit him to address the jury,JUDGE HOFFMAN
"00:25:21,484","00:25:23,942",when his perfectly competent lawyer is sitting--,JUDGE HOFFMAN
"00:25:24,025","00:25:26,400","For the fourth time, he's not Bobby's lawyer.",JERRY
"00:25:28,817","00:25:31,275","You're, uh... Mr. Rubin.",JUDGE HOFFMAN
"00:25:33,109","00:25:34,567",Don't ever do that again!,JUDGE HOFFMAN
"00:25:37,317","00:25:39,150","Your Honor, I'm not with these guys.",BOBBY
"00:25:39,234","00:25:42,234",I never met most of them until the indictment.,BOBBY
"00:25:44,734","00:25:48,692","There are signs out there that read, ""Free the Chicago 7."" I'm not with them!",BOBBY
"00:25:48,775","00:25:52,775","- Mr. Marshal, will you seat Mr. Seale? - Conspiracy? I never met most of them.",JUDGE HOFFMAN
"00:25:52,859","00:25:56,484","Frankly, the US attorney wanted a Negro defendant to scare the jury.",BOBBY
"00:26:08,984","00:26:12,817",Charge Mr. Seale with one count of contempt of court.,JUDGE HOFFMAN
"00:26:38,525","00:26:40,192","We have to make a decision right now,",TOM
"00:26:51,567","00:26:54,484","Or to say a pointless ""fuck you"" to the establishment?",TOM
"00:26:54,567","00:26:57,650",- Fuck you! - That is what I was afraid...,TOM
"00:27:01,609","00:27:05,109","If we leave without saying anything about why we came in the first place,",JERRY
"00:27:06,359","00:27:08,692","If the jury finds us guilty, we're not leaving at all.",TOM
"00:27:08,775","00:27:11,359",The only thing we need to say about why we came here,TOM
"00:27:16,067","00:27:18,692",- Why? - The trial shouldn't be about us.,DAVE
"00:28:04,067","00:28:05,067",And he was.,SCHULTZ
"00:28:04,067","00:28:05,067",And he was.,TOM
"00:28:10,192","00:28:11,900",This is it. We're on.,JERRY
"00:28:22,900","00:28:24,400",To end the war.,ABBIE
"00:28:26,817","00:28:30,234",just know the very last thing he wants is for the war to end.,TOM
"00:28:30,317","00:28:35,317",I don't have time for cultural revolution. It distracts from actual revolution.,TOM
"00:28:39,317","00:28:41,234",Has everybody got everything off their chest?,KUNSTLER
"00:28:41,817","00:28:44,400",- What in the name of hell was that? - Evidently not.,FRED
"00:28:44,484","00:28:45,942",You spoke for Bobby.,FRED
"00:28:46,025","00:28:48,442",I made it very clear that I'm not his lawyer.,KUNSTLER
"00:28:48,525","00:28:50,845",- I'd like to sit in on these meetings. - You can't.,FRED
"00:28:50,900","00:28:52,609",- I think I will anyway. - Fred--,FRED
"00:28:52,692","00:28:54,942",Bobby's life is at stake. You're playing to the crowd.,FRED
"00:29:34,234","00:29:35,692","Well, keep trying, all right?",KUNSTLER
"00:29:37,109","00:29:38,150",We're back.,MARSHAL
"00:29:38,817","00:29:39,817",Let's go.,TOM
"00:29:40,359","00:29:43,650","Jerry, Abbie, unless you're asked a direct question,",KUNSTLER
"00:29:46,275","00:29:48,275",- This is a political trial. - What?,ABBIE
"00:29:48,359","00:29:51,859",This is a political trial that was already decided for us.,ABBIE
"00:29:55,150","00:29:58,359",There are civil trials and there are criminal trials.,KUNSTLER
"00:30:18,400","00:30:20,275",Abbie's smarter than you think he is.,WEINGLASS
"00:30:22,275","00:30:24,317",Cows are smarter than I think he is.,TOM
"00:30:26,275","00:30:29,025",- S-T-A-H-L. - What is your occupation?,SCHULTZ
"00:30:29,109","00:30:30,859",I am the mayor's administrative officer.,STAHL
"00:30:30,942","00:30:36,775","Calling your attention to March 26, 1968. Did you have a meeting on that day?",SCHULTZ
"00:30:38,567","00:30:41,859","- Mr. Hoffman and Mr. Rubin, is it? - Abbie and Jerry is fine.",STAHL
"00:30:41,942","00:30:43,359",What was said at that meeting?,SCHULTZ
"00:30:43,442","00:30:47,317",I was told the Youth International Party would be holding a festival of life,STAHL
"00:30:49,817","00:30:52,150",There would be thousands of young people attending,STAHL
"00:30:52,234","00:30:54,275",and there'd be rock bands playing in the park.,STAHL
"00:30:54,359","00:30:55,650",Music will be performed.,JERRY
"00:30:55,734","00:30:57,650",- Rock music? - I would think.,JERRY
"00:30:57,734","00:31:00,317",They also said there would be public fornication.,STAHL
"00:31:00,400","00:31:01,567","Say that again, sir?",SCHULTZ
"00:31:01,650","00:31:03,109",Public fornication.,JERRY
"00:31:03,192","00:31:05,692",You're asking for a Parks permit for public--,STAHL
"00:31:05,775","00:31:07,025",- Yeah. - And rock music.,ABBIE
"00:31:07,109","00:31:08,025","No, of course not.",STAHL
"00:31:08,109","00:31:09,234",What if it was R&B?,ABBIE
"00:31:09,317","00:31:12,109","- Did you issue the permits? - No, I did not.",SCHULTZ
"00:31:12,692","00:31:17,567","And what, if anything, did Abbie Hoffman say when you denied their request?",SCHULTZ
"00:31:20,025","00:31:24,609",There's gonna be a festival of life in Grant Park held during the convention.,STAHL
"00:31:24,692","00:31:28,442",Bands will play rock music. There will be public fornication.,ABBIE
"00:31:31,359","00:31:35,150","Psychedelic, long-haired leftists will consort with dope users.",ABBIE
"00:31:43,192","00:31:45,775",Hotels will be filled with delegates. Where will people sleep?,STAHL
"00:31:45,859","00:31:48,525","Some will sleep in tents, others will live frivolously.",ABBIE
"00:31:48,609","00:31:50,567",- How many people are coming? - A lot.,STAHL
"00:31:50,650","00:31:53,942",What's a lot? A thousand? Two thousand?,STAHL
"00:31:58,025","00:32:01,150",Did Abbie Hoffman add anything at the end of the meeting?,SCHULTZ
"00:32:04,150","00:32:06,984",Or you give me 100 grand and I could call the whole thing off.,ABBIE
"00:32:04,150","00:32:06,984",Or you give me 100 grand and I could call the whole thing off.,REPORTER #8
"00:32:09,609","00:32:11,109",Mr. Fineglass.,JUDGE HOFFMAN
"00:32:09,609","00:32:11,109",Mr. Fineglass.,CLARK
"00:32:14,400","00:32:18,484","Mr. Stahl, the meeting you just described with Mr. Hoffman and Mr. Rubin,",WEINGLASS
"00:32:22,859","00:32:26,525","On August 2nd, you had a meeting with Tom Hayden and Rennie Davis.",WEINGLASS
"00:32:26,609","00:32:29,109",- Tom Hayden. - Rennie Davis.,SCHULTZ
"00:32:29,192","00:32:31,942","On August 12th, you had a meeting with David Dellinger.",WEINGLASS
"00:32:32,484","00:32:34,400",I'll tell you the same thing I told the others.,STAHL
"00:32:34,484","00:32:37,025",There were two more meetings with Tom and Rennie,WEINGLASS
"00:32:37,109","00:32:39,317","on the 10th and 12th of August,",WEINGLASS
"00:32:39,400","00:32:43,025",and one more meeting with David Dellinger on the 26th.,WEINGLASS
"00:32:43,109","00:32:44,275",I can't be sure of the dates.,STAHL
"00:32:44,359","00:32:47,609","Well, I can be sure. They're recorded in the log at City Hall.",WEINGLASS
"00:32:52,900","00:32:55,692",to demonstrate in Grant Park during the convention.,WEINGLASS
"00:32:59,025","00:33:02,025",We're not interested in violence or disturbing the delegates.,DAVE
"00:33:02,109","00:33:05,942","And in each of the meetings, the request for permits was denied.",WEINGLASS
"00:33:06,025","00:33:08,900","Listen, I'll tell you the same thing I told Mr. Hoffman",STAHL
"00:33:13,150","00:33:16,025",We have to demonstrate there. That's where the convention is.,TOM
"00:33:16,109","00:33:18,734",There will be no demonstrations within sight of the Hilton.,STAHL
"00:33:16,109","00:33:18,734",There will be no demonstrations within sight of the Hilton.,STAHL
"00:33:18,817","00:33:21,067","Okay. But the thing is, there will be.",TOM
"00:33:21,984","00:33:24,275","- Are you threatening me, Mr. Hayden? - No.",STAHL
"00:33:26,900","00:33:28,734",Thousands of people are coming to Chicago.,TOM
"00:33:35,109","00:33:38,150",and foolishly dangerous of the city not to have a contingency plan.,TOM
"00:33:38,234","00:33:40,650","We're gonna need police security, first aid...",TOM
"00:33:42,525","00:33:47,109","So, five times, you were asked for a permit.",WEINGLASS
"00:33:47,192","00:33:50,109","Five times, you were advised of the dangers",WEINGLASS
"00:33:52,734","00:33:55,025",I don't take my instructions from the defendants.,STAHL
"00:33:55,109","00:33:56,469","- No, you don't. - I don't.",WEINGLASS
"00:33:56,525","00:33:58,067",You take them from Mayor Daley.,WEINGLASS
"00:33:59,484","00:34:02,109",You're appointed by the mayor and you serve at his pleasure?,WEINGLASS
"00:34:03,109","00:34:06,234",And you're subject to removal in the same manner by the mayor?,WEINGLASS
"00:34:08,900","00:34:11,775","Further cross-examination, Mr. Kunstler.",JUDGE HOFFMAN
"00:34:11,859","00:34:14,400","Yes, sir. Mr. Stahl. When Abbie--",KUNSTLER
"00:34:15,734","00:34:20,359","Mr. Seale, would you identify the man sitting behind you?",JUDGE HOFFMAN
"00:34:24,192","00:34:25,859",He's not on trial here.,BOBBY
"00:34:25,942","00:34:31,109","Mr. Seale, identify the man behind you.",JUDGE HOFFMAN
"00:34:35,192","00:34:36,275",His name is Fred Hampton.,BOBBY
"00:34:37,942","00:34:42,025",that Mr. Hampton is head of the Chicago chapter of the Black Panther Party.,JUDGE HOFFMAN
"00:34:42,109","00:34:46,275","Your Honor, Mr. Hampton isn't at the bar. Why is the record identifying him at all?",KUNSTLER
"00:34:46,359","00:34:49,609",Mr. Hampton is clearly giving Mr. Seale legal advice.,JUDGE HOFFMAN
"00:34:53,650","00:34:56,609",Mr. Hampton is giving Mr. Seale the score of the White Sox game.,KUNSTLER
"00:34:56,692","00:34:58,984",- I will assume that he is not. - Why?,JUDGE HOFFMAN
"00:34:59,067","00:35:02,942",Because that's what happens when you don't have a lawyer.,JUDGE HOFFMAN
"00:35:06,484","00:35:09,484",by the Black Panther sitting behind you.,JUDGE HOFFMAN
"00:35:14,400","00:35:19,317","Mr. Stahl, when Abbie offered to call the whole thing off for $100,000,",KUNSTLER
"00:35:19,400","00:35:23,692",did you think that he was serious or did you think he was making a joke?,KUNSTLER
"00:35:23,775","00:35:26,609",I had no reason not to think he was serious.,KUNSTLER
"00:37:21,650","00:37:22,817","Sit, Mr. Seale.",JUDGE HOFFMAN
"00:37:40,109","00:37:42,525",Why won't Bobby Seale let anyone represent him?,REPORTER #7
"00:37:42,609","00:37:44,984",You've posed that question in the form of a lie.,JERRY
"00:38:05,775","00:38:07,734",Conspiracy Office. Can you hold on?,BERNADINE
"00:38:05,775","00:38:07,734",Conspiracy Office. Can you hold on?,BERNADINE
"00:38:07,817","00:38:11,317","Maybe you don't want to call it the, uh, Conspiracy Office.",KUNSTLER
"00:38:11,400","00:38:13,400",They understand irony and appreciate the humor.,BERNADINE
"00:38:13,484","00:38:16,067","- I wouldn't count on it. - Most people are smart, Bill.",BERNADINE
"00:38:16,150","00:38:19,567","If you believe that, you'll get your heart broken every day of your life.",KUNSTLER
"00:38:19,650","00:38:23,067","Hang on. Hi, how can I help you?",BERNADINE
"00:38:23,150","00:38:23,984",Messages?,KUNSTLER
"00:38:23,150","00:38:23,984",Messages?,KUNSTLER
"00:38:24,067","00:38:27,317",We sure do take contributions. We've got high-priced lawyers.,BERNADINE
"00:38:27,400","00:38:29,109",High-priced lawyers are working for free.,KUNSTLER
"00:38:32,525","00:38:34,692",- Abbie says we'll take the weed. - Messages?,BERNADINE
"00:38:34,775","00:38:37,067",Let me give you our mailing address.,BERNADINE
"00:38:45,359","00:38:48,150",I don't want you guys holding any more press conferences.,KUNSTLER
"00:38:48,234","00:38:51,942","If you're gonna get between Abbie and a camera, I'd wear pads and a helmet.",TOM
"00:38:52,025","00:38:54,525","We had a good day, Len. Tell him we had a good day.",KUNSTLER
"00:38:55,525","00:38:56,734",What does that mean?,TOM
"00:38:56,817","00:39:00,067",- Jurors six and eleven. They're with us. - How do you know?,WEINGLASS
"00:39:00,150","00:39:03,817","Six made sure I saw a copy of a James Baldwin novel under her arm,",WEINGLASS
"00:39:06,442","00:39:07,692",Falling asleep?,TOM
"00:39:07,775","00:39:09,567",Nodding. Agreeing.,WEINGLASS
"00:39:16,150","00:39:19,525",Bobby Seale's lawyer is Charles Garry. He's in the hospital right now.,JERRY
"00:39:27,984","00:39:29,525",As for calling it off...,ABBIE
"00:39:29,609","00:39:31,890",How much is it worth to you? What's your price?,REPORTER #9
"00:39:31,942","00:39:33,359",To call off the revolution?,ABBIE
"00:39:35,317","00:39:36,650",What's your price?,REPORTER #9
"00:39:38,567","00:39:39,567",My life.,ABBIE
"00:40:15,234","00:40:16,942",Any idea what's going on?,FROINES
"00:40:18,442","00:40:21,317",It's been years since I've had any idea what was going on.,WEINER
"00:40:32,900","00:40:35,567",and see counsel in my chambers in 15 minutes.,JUDGE HOFFMAN
"00:40:42,400","00:40:44,692","Gentlemen, it's been brought to my attention",JUDGE HOFFMAN
"00:40:46,900","00:40:49,859",from a member or members of the Black Panther Party.,JUDGE HOFFMAN
"00:40:49,942","00:40:50,942",Which two jurors?,KUNSTLER
"00:40:54,692","00:40:57,734",These were slipped into the mail at the homes of their parents.,JUDGE HOFFMAN
"00:41:05,275","00:41:07,317","- Yes. - Judge, I wonder if we could draw--",KUNSTLER
"00:41:07,400","00:41:08,900","Juror number six, how are you?",JUDGE HOFFMAN
"00:41:09,692","00:41:10,692",I'm fine.,ABBIE
"00:41:09,692","00:41:10,692",I'm fine.,JUROR #6
"00:41:12,442","00:41:15,192",Your parents received this note this morning in their mail.,JUDGE HOFFMAN
"00:41:15,275","00:41:17,692","They called the police, as they should have done.",JUDGE HOFFMAN
"00:41:17,775","00:41:20,275",I'd like you to take the note and read it out loud.,JUDGE HOFFMAN
"00:41:20,984","00:41:21,817",My parents?,JUROR #6
"00:41:27,234","00:41:28,400","""We're watching you.""",JUROR #6
"00:41:29,150","00:41:31,025",And you see who signed it?,JUDGE HOFFMAN
"00:41:32,192","00:41:34,275","""The Panthers.""",JUROR #6
"00:41:34,359","00:41:37,109","You understand that to mean the Black Panthers, don't you?",JUDGE HOFFMAN
"00:41:38,067","00:41:41,234",You understand defendant Bobby Seale is the head of the Black Panthers.,JUDGE HOFFMAN
"00:42:02,984","00:42:06,817",by members of an organization that is led by one of the defendants.,JUDGE HOFFMAN
"00:42:07,400","00:42:09,734","Judge, for the love of Christ, she...",KUNSTLER
"00:42:15,650","00:42:19,067",Do you still feel you can render a fair and impartial verdict?,JUDGE HOFFMAN
"00:42:15,650","00:42:19,067",Do you still feel you can render a fair and impartial verdict?,JUDGE HOFFMAN
"00:42:24,234","00:42:27,192",You're dismissed from this jury. Thank you for your service.,JUDGE HOFFMAN
"00:42:29,817","00:42:32,192",- I'm sorry. - Keep reading James Baldwin.,WEINGLASS
"00:42:40,067","00:42:42,984","Bill, I thought the Panthers were smarter than that.",FORAN
"00:42:44,317","00:42:47,192",The Panthers don't write letters any more than the Mob does.,KUNSTLER
"00:42:50,025","00:42:53,609",you'll see the criminal justice system up closer than you ever wanted to.,KUNSTLER
"00:43:07,109","00:43:09,942",- Who are the alternates? - We're gonna make this public.,JERRY
"00:43:11,609","00:43:14,442",Somebody other than the FBI has to investigate that letter.,JERRY
"00:43:14,525","00:43:16,650",Who'd you have in mind? Jefferson Airplane?,KUNSTLER
"00:43:22,359","00:43:25,150",Kay Richards. 42-year-old dental hygienist.,WEINGLASS
"00:43:25,234","00:43:26,442",That doesn't sound bad.,TOM
"00:43:26,525","00:43:30,567","We think she's dating a guy named Tom Banachek, who works for Daley.",KUNSTLER
"00:43:33,192","00:43:35,942",- We were out of peremptory challenges. - How did this happen?,KUNSTLER
"00:43:38,984","00:43:41,650",who kicked his son out of the house for protesting the Vietnam.,KUNSTLER
"00:43:43,692","00:43:47,650",Did they manipulate the jury pool? How come there's nobody who looks like me?,JERRY
"00:43:47,734","00:43:52,067","All right, raise your hands if any of you have ever shown up for jury duty.",KUNSTLER
"00:43:52,650","00:43:54,859",No? Then shut the fuck up.,KUNSTLER
"00:43:52,650","00:43:54,859",No? Then shut the fuck up.,JERRY
"00:43:58,650","00:43:59,900",He's sequestering the jury.,WEINGLASS
"00:44:00,525","00:44:01,692",Of course he is.,JERRY
"00:44:04,775","00:44:07,192",No such thing as a political trial.,ABBIE
"00:44:04,775","00:44:07,192",No such thing as a political trial.,ABBIE
"00:44:07,275","00:44:08,275",Good to know.,TOM
"00:44:11,775","00:44:16,817",I want an expert in geriatric psychiatry sitting in the gallery for a few days.,KUNSTLER
"00:44:28,150","00:44:32,275",The sequester's probably a reaction to Abbie doing stand-up on weekends.,WEINGLASS
"00:44:32,359","00:44:33,567",It's not stand-up.,ABBIE
"00:44:33,650","00:44:36,775",You're in a college auditorium in a spotlight telling jokes.,WEINGLASS
"00:44:36,859","00:44:38,484",That's a little reductive.,ABBIE
"00:44:39,692","00:44:40,817",Names?,FROINES
"00:44:40,900","00:44:43,067",Yeah. From yesterday.,RENNIE
"00:44:47,900","00:44:48,942",You hungry?,TOM
"00:44:51,109","00:44:53,275","If I hadn't asked you to help me with Sara Beth,",RENNIE
"00:44:55,067","00:44:58,109",I asked you to help with Sara Beth. That got us the first riot.,RENNIE
"00:45:21,900","00:45:22,984",I'll add the names.,BERNADINE
"00:45:25,317","00:45:28,692","We move to strike the order for sequestration of the jury,",KUNSTLER
"00:45:31,109","00:45:32,275",Hold on.,RENNIE
"00:45:31,109","00:45:32,275",Hold on.,JUDGE HOFFMAN
"00:45:34,109","00:45:36,275","Mr. Rubin, Mr. Hoffman.",JUDGE HOFFMAN
"00:45:36,859","00:45:38,734",What are you wearing?,JUDGE HOFFMAN
"00:45:39,317","00:45:41,859","It's an homage to you, Your Honor.",ABBIE
"00:45:41,942","00:45:43,567",Do you have clothes underneath there?,JUDGE HOFFMAN
"00:45:47,525","00:45:49,734","- Yes. - Take off the robes, please.",JUDGE HOFFMAN
"00:46:01,025","00:46:02,775","Mr. Kunstler, continue.",JUDGE HOFFMAN
"00:46:05,817","00:46:09,234","for what appears will be a considerable period of time, can only--",KUNSTLER
"00:46:09,317","00:46:13,442",It would be a considerably shorter period if the defense made fewer objections.,JUDGE HOFFMAN
"00:46:14,025","00:46:16,275",...can only serve to the defendants' disadvantage.,KUNSTLER
"00:46:16,359","00:46:20,317",The defense will make not one fewer objection than the prosecution,KUNSTLER
"00:46:20,400","00:46:22,734",or this court gives us reason to.,KUNSTLER
"00:46:22,817","00:46:28,025","Bailiff, charge Mr. Kunstler with one count of contempt.",JUDGE HOFFMAN
"00:46:29,609","00:46:32,067",May I continue my argument so it appears in the record?,KUNSTLER
"00:46:32,150","00:46:33,359",You may continue.,JUDGE HOFFMAN
"00:46:33,442","00:46:37,067",The jury will be in the custody of the deputy marshals.,KUNSTLER
"00:46:37,150","00:46:40,442",The marshals will take care of all the needs and wants of the jury.,KUNSTLER
"00:46:40,525","00:46:44,067",We feel that that tends to make the jurors sympathetic.,KUNSTLER
"00:46:44,150","00:46:47,109",The jury are gonna be taken care of...,KUNSTLER
"00:47:00,984","00:47:03,275",- Paul Deluca. - And what is your occupation?,SCHULTZ
"00:47:03,359","00:47:06,317","I'm a detective with the police department, City of Chicago.",DELUCA
"00:47:06,400","00:47:09,984","Calling your attention to August of 1968 during the convention,",SCHULTZ
"00:47:12,234","00:47:16,692","To keep Rennie Davis under surveillance with my partner, Detective Bell.",DELUCA
"00:47:21,775","00:47:23,734","the night before the convention began,",SCHULTZ
"00:47:23,817","00:47:26,525",did you observe Tom Hayden committing a crime?,SCHULTZ
"00:47:26,609","00:47:30,900","Yes, Mr. Hayden was letting the air out of the tire of a police vehicle.",DELUCA
"00:47:32,359","00:47:36,734",The park closes at 11:00 p.m. by order of the Chicago PD.,POLICE OFFICER
"00:47:39,609","00:47:42,484",Violators will be prosecuted for trespassing.,POLICE OFFICER
"00:47:43,400","00:47:45,817","I repeat, you must be out of the park.",POLICE OFFICER
"00:48:00,192","00:48:03,359","It's a strategy of throwin' banana peels all over Chicago,",ABBIE
"00:48:13,109","00:48:17,275",We gotta convince 'em of what? That we're crazy enough to do anything.,ABBIE
"00:48:26,192","00:48:27,734",We think it's important,JERRY
"00:48:27,817","00:48:30,734",for confrontational tactical knowledge to be understood.,JERRY
"00:48:30,817","00:48:31,900",You know it!,OFFICER #2
"00:48:38,359","00:48:41,359","You know, and that's fighting fire with what?",JERRY
"00:48:42,567","00:48:45,692","You don't fight fire with fire. You fight it with water, jackass.",TOM
"00:48:45,775","00:48:48,525",- It's a metaphor. - Abbie and his fuckin' banana peels?,TOM
"00:48:48,609","00:48:49,609",Also a metaphor.,RENNIE
"00:48:48,609","00:48:49,609",Also a metaphor.,RENNIE
"00:48:52,067","00:48:56,109","Daley's got 15,000 soldiers whose guns are loaded with bullets that are literal.",TOM
"00:48:56,192","00:48:59,775","- I could argue that the bullets are also-- - Yeah, so could I, but don't.",RENNIE
"00:49:00,400","00:49:03,567",The atmosphere's getting dangerous and someone's gonna throw a rock.,TOM
"00:49:03,650","00:49:06,442",I wanna get the word out we're protesting the war and not the cops.,TOM
"00:49:09,025","00:49:10,192",I think those are my guys.,RENNIE
"00:49:11,109","00:49:12,442",I think that's their car.,TOM
"00:49:14,025","00:49:17,650","Yep, that's them. They're back. They were following me all day.",RENNIE
"00:49:18,609","00:49:21,734","Listen, here's the thing I haven't told you about Sara Beth.",RENNIE
"00:49:21,817","00:49:23,900",- She isn't into this at all. - Isn't into what?,RENNIE
"00:49:23,984","00:49:26,650","When I'm with her and her family, I try to...",RENNIE
"00:49:34,942","00:49:37,650",If I show up tailed by two undercover police officers--,RENNIE
"00:49:37,734","00:49:40,317",- That'll be hard to explain. - This isn't her world.,TOM
"00:49:40,400","00:49:42,817",It's definitely not her parents' world.,RENNIE
"00:49:42,900","00:49:47,025",- If I bring my world into their driveway-- - You could be in a healthier relationship.,TOM
"00:49:47,109","00:49:50,817","I know, but until then, it's the one I got.",RENNIE
"00:49:55,109","00:49:57,275",- Where are they? - Looking for me.,RENNIE
"00:49:58,192","00:50:00,984","All right, go back into the crowd and let 'em find you.",TOM
"00:50:01,609","00:50:04,067",And then leave the park by the east exit.,TOM
"00:50:04,150","00:50:06,942",- They'll need their car to follow you. - What are you gonna do?,TOM
"00:50:07,025","00:50:10,525","It won't remind anyone of Gandhi, but a little civil disobedience. Go.",TOM
"00:50:14,067","00:50:17,359",I appreciate it. I don't wanna be a phony with Sara--,RENNIE
"00:50:17,442","00:50:20,317",- You're welcome. You should really go now. - Yep.,TOM
"00:50:22,192","00:50:26,067","Detective Bell and I spotted Rennie Davis walking in the crowd,",DELUCA
"00:50:30,150","00:50:31,900",- Your car? - Yes.,SCHULTZ
"00:50:31,984","00:50:33,067",What did you find?,SCHULTZ
"00:50:36,025","00:50:38,442",- Don't fuckin' move. - On your feet.,DELUCA
"00:50:38,525","00:50:40,692",Those are two contradictory instructions--,TOM
"00:50:46,442","00:50:49,692",- Was that a contradictory instruction? - No.,DELUCA
"00:50:52,275","00:50:55,942","- They're hassling Tom Hayden! - Paulie, you need to see what I'm seeing.",BELL
"00:51:08,609","00:51:10,775",Did he tell the crowd to back down?,SCHULTZ
"00:51:08,609","00:51:10,775",Did he tell the crowd to back down?,RENNIE
"00:51:10,859","00:51:13,650",Everybody get back. I'm all right. Stay cool.,TOM
"00:51:13,734","00:51:15,067",He was egging them on.,DELUCA
"00:51:15,150","00:51:17,525",Did you take Mr. Hayden under arrest at that moment?,SCHULTZ
"00:51:19,859","00:51:22,984","- Who's shinin' that? - Paulie, it's a camera. It's a TV camera.",BELL
"00:51:25,984","00:51:29,234",so we arranged to take Mr. Hayden in the next morning.,DELUCA
"00:51:32,234","00:51:33,442",This is gonna be for me.,TOM
"00:51:33,525","00:51:35,150",Let me try to explain to them.,RENNIE
"00:51:35,234","00:51:37,192",Tell 'em about Sara Beth's parents.,TOM
"00:51:38,817","00:51:41,192",Just bail me out and keep to the schedule. It's fine.,TOM
"00:51:43,025","00:51:44,775",- See you in a bit. - You're under arrest.,OFFICER QUINN
"00:51:43,025","00:51:44,775",- See you in a bit. - You're under arrest.,POLICEMAN
"00:51:47,150","00:51:50,317","We'll stand in recess for one hour, and court will resume at 1:30--",JUDGE HOFFMAN
"00:51:53,234","00:51:56,192","You wish to address the court, Mr. Seale?",JUDGE HOFFMAN
"00:51:56,275","00:51:59,817","- Yes. I have a motion-- - I will hear you, Mr. Seale.",JUDGE HOFFMAN
"00:52:01,859","00:52:02,859",Just a moment.,BOBBY
"00:52:03,234","00:52:05,484","Mr. Seale, do you have a motion?",JUDGE HOFFMAN
"00:52:09,400","00:52:12,817","""I'd like to invoke the precedent of Adams vs. US ex rel. McCann,",BOBBY
"00:52:17,525","00:52:20,942",Does your young friend Mr. Hampton have a background in law?,JUDGE HOFFMAN
"00:52:56,275","00:52:58,067","No, he doesn't!",STAHL
"00:53:26,109","00:53:30,025","So, Hayden's in a holding cell on a tire pressure-related charge,",ABBIE
"00:53:41,192","00:53:42,984","and free Tom Hayden!""",KUNSTLER
"00:53:44,317","00:53:46,025",We couldn't find our way out of the park.,ABBIE
"00:53:48,275","00:53:53,317","Now, over the course of ten days, the government called 37 witnesses,",ABBIE
"00:53:57,734","00:54:01,359","I call this portion of the trial ""with friends like these.""",ABBIE
"00:54:01,442","00:54:03,525","Rennie, this is Sam. He can be trusted.",MAN
"00:54:04,192","00:54:06,692","Detective Sam McGiven, Chicago Police Department.",SAM
"00:54:06,775","00:54:08,400","- Abbie, this is Stan. - Oh, hey.",EDDIE
"00:54:08,484","00:54:10,400","- Stan Wojohowski. - How you doin', Stan?",ABBIE
"00:54:10,484","00:54:13,692",- What is your occupation? - I'm a Chicago police officer.,WOJOHOWSKI
"00:54:15,067","00:54:18,025","I'm your guy for ass, weed or whatever you need.",SCOTT
"00:54:18,109","00:54:21,109","Staff Sergeant Scott Scibelli, Illinois State Police.",SCOTT
"00:54:27,150","00:54:29,067",It's from the woman in the glasses.,BARTENDER
"00:54:43,900","00:54:46,192","Hey, uh, did you mean this for me?",JERRY
"00:54:46,275","00:54:48,609",- I did. - Nobody's ever sent me a drink before.,JERRY
"00:54:51,317","00:54:54,192","I know it's a country club drink, but they're delicious.",JERRY
"00:54:54,275","00:54:58,984","A man in England named Tom Collins claimed in 1894 to have invented it,",JERRY
"00:54:59,067","00:55:01,900","but then another man, whose name I've forgotten, said no,",JERRY
"00:55:01,984","00:55:05,692","he'd invented it two years earlier, and I think there was a lawsuit.",JERRY
"00:55:05,775","00:55:08,734",That's a surprising amount of controversy for gin and lemonade.,DAPHNE
"00:55:11,400","00:55:15,525","Jerry, do you know why the French only eat one egg for breakfast?",DAPHNE
"00:55:15,609","00:55:17,567","- No. - Because in France,",DAPHNE
"00:55:17,650","00:55:20,275",one egg... is un oeuf.,DAPHNE
"00:55:22,400","00:55:23,650",It's un oeuf.,DAPHNE
"00:55:27,025","00:55:29,442",I feel so much better about my Tom Collins story.,JERRY
"00:55:31,150","00:55:32,192",I'm Daphne O'Connor.,DAPHNE
"00:55:32,275","00:55:35,942","Special Agent Daphne O'Connor, FBI Counterintelligence.",DAPHNE
"00:55:37,275","00:55:40,900",Think it's possible there were seven demonstrators in Chicago last summer,WEINER
"00:55:43,692","00:55:45,150",What was your assignment in Chicago?,SCHULTZ
"00:55:45,234","00:55:48,442",To use Jerry Rubin to infiltrate the leaders of the protest.,DAPHNE
"00:55:48,525","00:55:52,275","And you were with Jerry Rubin, Abbie Hoffman, Dave Dellinger",SCHULTZ
"00:55:56,442","00:55:59,775",- What were they doing together? - They were leading a group of protesters.,DAPHNE
"00:55:59,859","00:56:01,817","- How many, would you say? - About 800.",SCHULTZ
"00:56:01,900","00:56:03,692",Where were they leading these 800 people?,SCHULTZ
"00:56:03,775","00:56:06,692",- To police headquarters at 11th and State. - Why?,DAPHNE
"00:56:06,775","00:56:10,692",Tom Hayden was being held there on charges of tampering with a police vehicle.,DAPHNE
"00:56:14,109","00:56:16,025","And by ""pigs,"" he meant...",SCHULTZ
"00:56:16,109","00:56:18,317",It was time to confront the police.,DAPHNE
"00:56:23,609","00:56:25,484","Marshals, we're on the move.",KUNSTLER
"00:56:29,317","00:56:33,109",I remember also at the front of the group was Mr. Allen Ginsberg.,SAM
"00:56:33,192","00:56:34,817","Allen Ginsberg, the poet?",SCHULTZ
"00:56:34,900","00:56:37,692","Yes, he was chanting a kind of war chant.",SAM
"00:56:37,775","00:56:40,984",- Om. - What's he doing?,JERRY
"00:56:41,067","00:56:43,150",He's channeling the energy. Settling things down.,ABBIE
"00:56:43,234","00:56:44,609",And how's that workin' so far?,DAVE
"00:56:51,734","00:56:56,484","The guy testified that Ginsberg was letting out a war chant,",ABBIE
"00:57:00,525","00:57:04,275",that they should begin pelting the troops with blank verse.,ABBIE
"00:57:06,400","00:57:09,859","So, a guy in the crowd is marching with a girl on his shoulders.",ABBIE
"00:57:09,942","00:57:12,400","She's waving an American flag,",ABBIE
"00:57:12,484","00:57:16,109",and this seems to really be bothering some frat brothers,ABBIE
"00:57:16,192","00:57:18,900",who'd come to town in the spirit of fraternity.,ABBIE
"00:57:29,650","00:57:31,859",I'm gonna go back there and take care of that.,JERRY
"00:57:31,942","00:57:33,234",They are not the enemy.,ABBIE
"00:57:33,317","00:57:35,067","In so many fuckin' ways, they are.",JERRY
"00:57:45,692","00:57:47,900",The group turned left on 11th Street.,WOJOHOWSKI
"00:57:47,984","00:57:49,900",We make a left on 11th Street.,ABBIE
"00:57:49,984","00:57:51,067",That's when they saw it.,DAPHNE
"00:57:49,984","00:57:51,067",That's when they saw it.,KUNSTLER
"00:58:01,025","00:58:02,484",Holy shit!,ABBIE
"00:58:06,942","00:58:08,650",Are they about to conquer Spain?,ABBIE
"00:58:10,817","00:58:13,609",Free Tom Hayden!,TOM
"00:58:10,817","00:58:13,609",Free Tom Hayden!,OFFICER QUINN
"00:58:13,692","00:58:14,692",Fuck it.,JERRY
"00:58:19,025","00:58:21,859",- We're not rushing the police. - Why the fuck not?,ABBIE
"00:58:21,942","00:58:25,109",- We'll be critically injured. - Tom doesn't want anyone hurt.,RENNIE
"00:58:25,192","00:58:27,359",Turn this crowd around. There's too much momentum.,DAVE
"00:58:30,234","00:58:33,400",He's right. This is not safe. I know something about this. Come on.,DAPHNE
"00:58:35,525","00:58:37,984",Looks like the Alamo back here. Turn 'em around.,DAVE
"00:58:38,067","00:58:40,859",- Bring 'em safely to the park. - We should be marching up to them.,JERRY
"00:58:40,942","00:58:42,984","I don't think they'll surrender, man.",ABBIE
"00:58:43,567","00:58:47,275",Keep 'em movin'. Dave and I are gonna stay and make Tom's bail.,ABBIE
"00:58:49,650","00:58:51,525","I don't carry money, do you?",ABBIE
"00:58:52,192","00:58:54,484",I do. I'm a grown man.,DAVE
"00:58:54,567","00:58:55,900",Om.,CLARK
"00:58:54,567","00:58:55,900",Om.,TOM
"00:58:55,984","00:58:58,400","You're killin' me, Allen. You're goddamn killing me!",JERRY
"00:58:58,484","00:59:00,984",The marshals are spreading word that we gotta keep moving.,ABBIE
"00:59:05,067","00:59:07,984",three divisions of police officers had moved in from the south.,DAPHNE
"00:59:27,692","00:59:31,025","I don't know what tactical genius came up with that,",ABBIE
"00:59:31,109","00:59:32,775",but you know when shit happens?,ABBIE
"00:59:32,859","00:59:35,984",When you don't give protesters a place to go.,ABBIE
"00:59:36,067","00:59:38,359",How would you characterize the mood of the crowd?,SCHULTZ
"00:59:38,442","00:59:42,734","The witness is in no position to characterize the mood of 1,000 strangers.",KUNSTLER
"00:59:42,817","00:59:44,192",Do you have an objection?,JUDGE HOFFMAN
"00:59:46,234","00:59:47,234",On those grounds.,JUDGE HOFFMAN
"00:59:46,234","00:59:47,234",On those grounds.,KUNSTLER
"00:59:47,817","00:59:49,234",Overruled.,ALL
"00:59:49,317","00:59:51,275",I will clear this courtroom.,JUDGE HOFFMAN
"00:59:53,900","00:59:55,317",The crowd was looking for a fight.,WOJOHOWSKI
"00:59:55,400","00:59:58,484",You're pigs! Your children are pigs!,JERRY
"00:59:58,567","01:00:00,775","No, we should leave their children out of it.",RENNIE
"01:00:00,859","01:00:02,275",You're right. I know.,JERRY
"01:00:02,359","01:00:04,900","""White honky MFers, get out of our park.""",SCOTT
"01:00:06,442","01:00:07,859",They don't look so tough.,JERRY
"01:00:08,525","01:00:10,442","Well, the guns...",RENNIE
"01:00:10,525","01:00:12,775",There are no permits for this demonstration.,POLICEMAN
"01:00:10,525","01:00:12,775",There are no permits for this demonstration.,POLICEMAN
"01:00:12,859","01:00:14,817","You're ordered to leave the park, immediately!",POLICEMAN
"01:00:12,859","01:00:14,817","You're ordered to leave the park, immediately!",POLICEMAN
"01:00:14,900","01:00:17,317","Put down your guns, motherfuckers!",JERRY
"01:00:19,025","01:00:21,609","Just so you know, I do not have your back on that.",RENNIE
"01:00:21,692","01:00:26,234","And the guys from Kappa Gamma Douchebag, who were hassling the girl?",ABBIE
"01:00:26,317","01:00:28,025",They're back.,KUNSTLER
"01:00:34,942","01:00:37,400","Help me calm 'em down, Jerry!",RENNIE
"01:00:37,484","01:00:40,234","Baby, defuse the situation. They will listen to you.",DAPHNE
"01:00:42,067","01:00:44,317","Nothing, that sounded nice when you said it.",JERRY
"01:00:44,400","01:00:45,567",- Right now! - Yeah.,DAPHNE
"01:00:50,942","01:00:52,109",Take the hill!,SONDRA
"01:00:50,942","01:00:52,109",Take the hill!,SOMEONE IN THE CROWD
"01:00:56,359","01:00:59,609",The street name for chloroacetophenone is tear gas.,ABBIE
"01:01:01,609","01:01:04,192",And it's a fuckin' blowtorch.,ABBIE
"01:01:08,400","01:01:11,192",They're made out of the same wood they use for baseball bats.,ABBIE
"01:01:48,317","01:01:50,859",- Hey! - You shut your fuckin' mouth!,KUNSTLER
"01:01:52,692","01:01:54,234",You got this coming!,MRS. DELLINGER
"01:01:57,942","01:01:59,234",What's the matter with you?,JERRY
"01:01:59,317","01:02:00,525","Fuck you, hippie faggot!",FRAT BOY #2
"01:02:03,192","01:02:04,567",You're all right.,ABBIE
"01:02:03,192","01:02:04,567",You're all right.,KUNSTLER
"01:02:04,650","01:02:06,609",You're okay. Here.,JERRY
"01:02:06,692","01:02:09,734","You gotta just hold this over your face, okay?",JERRY
"01:02:20,067","01:02:21,609","Don't move, Jerry.",POLICEMAN
"01:02:30,067","01:02:31,942","After bailing out Tom Hayden,",DEMONSTRATOR
"01:02:32,025","01:02:36,359","Abbie, Dave and Tom returned to the park. Is that correct?",KUNSTLER
"01:02:50,484","01:02:51,484",Get in.,BOBBY
"01:02:57,109","01:02:59,984",I was starting to worry about getting everyone out of Chicago alive.,TOM
"01:03:00,067","01:03:02,484","- That's not really up to us. - Yeah, it is.",ABBIE
"01:03:03,192","01:03:05,692",What are you lookin' at me for? I went to bail you out.,ABBIE
"01:03:06,275","01:03:08,442",800 people followed you?,TOM
"01:03:08,525","01:03:12,442","Oh, that. Yeah, people follow me. Hell if I know why.",ABBIE
"01:03:12,525","01:03:14,234",I'm racking my brain as well.,TOM
"01:03:14,317","01:03:15,984",How'd you make bail so fast?,DAPHNE
"01:03:14,317","01:03:15,984",How'd you make bail so fast?,RENNIE
"01:03:18,609","01:03:20,984",They couldn't figure out what to charge me with.,JERRY
"01:03:21,067","01:03:22,067",Assault.,DAVE
"01:03:23,609","01:03:26,275",I was assaulting someone who was assaulting someone.,JERRY
"01:03:27,525","01:03:30,400",Nothing is more dangerous than a crowd of people moving.,DAPHNE
"01:03:38,942","01:03:41,109",We have to protest in front of the convention.,ABBIE
"01:03:48,192","01:03:49,942",And that's when people'll get hurt.,ABBIE
"01:03:50,025","01:03:54,025","As long as every person following me knows that, then I sleep fine at night.",ABBIE
"01:03:54,109","01:03:55,650",Tell me how you do it.,TOM
"01:03:55,734","01:03:57,525",- A lot of it is drugs. - Yeah?,ABBIE
"01:04:01,650","01:04:04,442",We're not getting anywhere near the convention.,TOM
"01:04:10,942","01:04:15,525","""Fuck 'em all. They're all pigs. We should form an army and get guns.""",KUNSTLER
"01:04:17,067","01:04:20,025","And when he said that, did anyone form an army and get guns?",KUNSTLER
"01:04:21,025","01:04:24,609",Did Jerry Rubin instruct the crowd to run into the park?,KUNSTLER
"01:04:25,192","01:04:26,984",- No. - Did Rennie Davis?,RENNIE
"01:04:27,067","01:04:29,775",- No. - Was Abbie Hoffman even there?,KUNSTLER
"01:04:29,859","01:04:31,734",- No. - Was Dave Dellinger?,KUNSTLER
"01:05:18,400","01:05:20,984",- We will stand in recess until-- - Four hours!,JUDGE HOFFMAN
"01:05:22,150","01:05:24,025",That's how long Bobby Seale was in Chicago.,FRED
"01:05:39,317","01:05:42,234",The court will stand in recess for the weekend.,JUDGE HOFFMAN
"01:05:49,359","01:05:51,067","Yeah, I took in the exhibit.",JERRY
"01:05:51,150","01:05:52,984",I cleared my mind.,JERRY
"01:05:54,442","01:05:57,109",Stood there for 20 minutes. I felt nothing.,JERRY
"01:05:58,942","01:06:03,442","Well, but it wasn't a painting, it was an exhibit.",ABBIE
"01:06:05,692","01:06:08,609",And when you put exhibits of Native Indian families,JERRY
"01:06:08,692","01:06:10,234",in a natural history museum,JERRY
"01:06:13,567","01:06:18,317",it gives the impression that the Cherokee evolved into modern-day Europeans.,JERRY
"01:06:19,400","01:06:20,525",Look who it is.,ABBIE
"01:06:21,109","01:06:23,067",I got a bone to pick with that guy.,JERRY
"01:06:23,150","01:06:24,317","Hey, Counselor.",KUNSTLER
"01:06:23,150","01:06:24,317","Hey, Counselor.",ABBIE
"01:06:25,692","01:06:27,942",- No colleges this weekend? - Winter break.,SCHULTZ
"01:06:28,025","01:06:30,692",- My audience went home to their parents. - Mm-hmm.,ABBIE
"01:06:32,400","01:06:34,775",These are my daughters. This is Emily and Julie.,SCHULTZ
"01:06:36,275","01:06:39,234",That's coming from someone who he's trying hard to put in prison.,ABBIE
"01:06:39,317","01:06:41,275",We shouldn't be talking without your lawyer.,SCHULTZ
"01:06:41,359","01:06:42,609",We're all on the same team.,ABBIE
"01:06:43,234","01:06:46,650","In a sense, I guess, but in a much truer sense, we're not.",SCHULTZ
"01:06:49,234","01:06:52,900","and go over to those musicians and put it in their hat, okay?",SCHULTZ
"01:07:01,942","01:07:06,525","If your lawyer were here, I'd tell you the window's closing for you to plead out.",SCHULTZ
"01:07:10,025","01:07:12,984","I wish I could share Abbie's sentiment that you're a good guy,",JERRY
"01:07:14,817","01:07:16,317",I'm sorry to hear that.,SCHULTZ
"01:07:14,817","01:07:16,317",I'm sorry to hear that.,JUDGE HOFFMAN
"01:07:16,400","01:07:20,317",Sending Daphne O'Connor to break my heart was way out of line.,JERRY
"01:07:20,400","01:07:22,692","Well, I don't work for the FBI,",SCHULTZ
"01:07:22,775","01:07:25,817",but O'Connor was one of many agents sent to gather intelligence,SCHULTZ
"01:07:25,900","01:07:27,859",on what had been deemed a credible threat.,SCHULTZ
"01:07:27,942","01:07:31,984","Fine. Then you bug our phones, you wire up a dope dealer. Be a man.",JERRY
"01:07:32,067","01:07:35,942",- You don't send a woman to ensorcell me. - What?,JERRY
"01:07:37,817","01:07:41,567",- Only to have her crush my soul. - How long did you two know each other?,SCHULTZ
"01:08:04,317","01:08:06,150",We don't have any beef with you.,FRED
"01:08:26,359","01:08:27,650",Does she ever mention me?,JERRY
"01:08:52,025","01:08:53,192",Conspiracy Office.,BERNADINE
"01:09:07,317","01:09:08,650","Something's happened, Tom.",BERNADINE
"01:09:32,859","01:09:35,650",Fred Hampton was shot and killed last night.,KUNSTLER
"01:09:39,067","01:09:43,234","There was a police raid, and there was a shootout.",KUNSTLER
"01:09:51,942","01:09:54,692",- You were told? - Yeah.,KUNSTLER
"01:10:06,567","01:10:09,317","The seven of you, you've all got the same father, right?",BOBBY
"01:10:06,567","01:10:09,317","The seven of you, you've all got the same father, right?",BOBBY
"01:10:20,025","01:10:25,317","don't be a fag, respect authority, respect America, respect me.""",BOBBY
"01:10:27,359","01:10:30,984","Your life, it's a ""fuck you"" to your father, right?",BOBBY
"01:10:39,025","01:10:41,817",And you can see how that's different from a rope on a tree?,BOBBY
"01:10:49,025","01:10:50,900",He was shot in the shoulder first.,BOBBY
"01:10:52,692","01:10:55,150",You can't aim a gun if you've been shot in the shoulder.,BOBBY
"01:10:55,234","01:10:56,775",You can't squeeze the trigger.,BOBBY
"01:10:58,025","01:10:59,817",Second shot was in his head.,BOBBY
"01:11:02,317","01:11:03,942",Fred was executed.,BOBBY
"01:11:27,609","01:11:31,359","Calling your attention to the evening of the next day,",SCHULTZ
"01:11:31,442","01:11:34,859","Tuesday, August 27th, were you in Grant Park?",SCHULTZ
"01:11:34,942","01:11:38,734","Yes. There was a ""Free Huey Newton"" rally going on.",FRAPOLY
"01:11:42,692","01:11:45,192","Phil Ochs sang, and then Bobby Seale gave a speech.",FRAPOLY
"01:11:45,275","01:11:48,942",I object to this testimony against me because I have been denied counsel.,BOBBY
"01:11:50,067","01:11:51,067",We understand.,JUDGE HOFFMAN
"01:11:50,067","01:11:51,067",We understand.,JUDGE HOFFMAN
"01:11:51,567","01:11:54,234",Do you recall any of Mr. Seale's speech?,SCHULTZ
"01:11:54,317","01:11:55,400",Yes. He said--,FRAPOLY
"01:11:55,484","01:11:57,442",- I object to this man's-- - Quiet!,BOBBY
"01:11:58,359","01:11:59,192",Go ahead.,KUNSTLER
"01:11:58,359","01:11:59,192",Go ahead.,SCHULTZ
"01:11:59,275","01:12:01,817",- May I refer to notes? - Yes.,FRAPOLY
"01:12:02,900","01:12:07,109","He said, ""We must understand that as we go forth",FRAPOLY
"01:12:10,150","01:12:13,984","""...our cowardly Congress, the jive, double-lip talking Nixon--""",FRAPOLY
"01:12:16,400","01:12:19,984","You're making me sound like one funky cat. Thank you, sir.",BOBBY
"01:12:20,067","01:12:22,192","Last warning, Mr. Seale.",JUDGE HOFFMAN
"01:12:24,150","01:12:25,775",Did he say anything else?,SCHULTZ
"01:12:28,234","01:12:32,317","is directly connected to organized guns in force.""",FRAPOLY
"01:12:34,525","01:12:35,525",No more questions.,SCHULTZ
"01:12:37,275","01:12:41,150","Jive, double-lip talking. Funky, funky cat.",BOBBY
"01:12:41,234","01:12:43,775",Would the defense like to cross-examine the witness?,JUDGE HOFFMAN
"01:12:43,859","01:12:48,150",Yes. I'm sittin' here saying that I would like to cross-examine a witness.,BOBBY
"01:12:48,234","01:12:51,150",- Only lawyers can address a witness. - My lawyer is Charles Garry.,JUDGE HOFFMAN
"01:12:51,234","01:12:54,734",- I'm tired of hearing that. - Couldn't care less what you're tired of.,BOBBY
"01:12:59,025","01:13:04,109",I said it would be impossible for me to care any less what you are tired of.,BOBBY
"01:13:07,275","01:13:09,400",Sit in your chair and be quiet.,JUDGE HOFFMAN
"01:13:24,025","01:13:27,150","- It was premeditated murder! - Yes, it was!",BOBBY
"01:13:31,067","01:13:33,025",He wouldn't have been able to hold a gun!,BOBBY
"01:13:33,109","01:13:37,859","When they publish the coroner's report, ask about the bullet in his shoulder!",BOBBY
"01:13:41,234","01:13:44,359","I strongly caution you, Mr. Seale.",JUDGE HOFFMAN
"01:13:47,025","01:13:49,609","Oh, strongly fuck yourself!",BOBBY
"01:13:55,109","01:13:57,692",and deal with him as he should be dealt with.,JUDGE HOFFMAN
"01:15:24,359","01:15:29,317","Let the record show that I tried, fairly and impartially.",JUDGE HOFFMAN
"01:15:47,609","01:15:50,650",if I allow you to resume proper order.,JUDGE HOFFMAN
"01:15:51,942","01:15:54,025",Do I have your assurance?,JUDGE HOFFMAN
"01:16:03,400","01:16:05,109","Mr. Schultz, call your next witness.",JUDGE HOFFMAN
"01:16:03,400","01:16:05,109","Mr. Schultz, call your next witness.",JUDGE HOFFMAN
"01:16:27,234","01:16:28,484",Can he breathe?,TOM
"01:16:37,609","01:16:41,150","Your Honor, our defendant is gagged and bound in an American courtroom.",SCHULTZ
"01:16:41,234","01:16:43,109",He brought it on himself.,FORAN
"01:16:43,192","01:16:44,192",Are you insane?,JERRY
"01:16:49,400","01:16:52,192","What do you want, Mr. Schultz? This is your sidebar.",JUDGE HOFFMAN
"01:16:52,275","01:16:55,859",The government would like to make a motion that Bobby Seale be separated--,SCHULTZ
"01:16:58,567","01:17:01,525",A motion that Bobby Seale be separated from the rest of the defendants,SCHULTZ
"01:17:04,400","01:17:06,192",You want me to give him his mistrial?,JUDGE HOFFMAN
"01:17:06,275","01:17:10,859","Of course, because you took that Black guy and you made him a sympathetic character.",KUNSTLER
"01:17:18,900","01:17:23,192",to suggest that I have discriminated against a Black man.,JUDGE HOFFMAN
"01:17:23,275","01:17:25,192",Then let the record show that I am the second.,WEINGLASS
"01:17:43,942","01:17:48,109",I'm issuing an order declaring a mistrial as to the defendant Bobby G. Seale.,JUDGE HOFFMAN
"01:17:57,817","01:18:02,692","Mr. Seale, you are currently charged with 16 counts of contempt",JUDGE HOFFMAN
"01:18:02,775","01:18:05,775","for your repeated displays of disrespect,",JUDGE HOFFMAN
"01:18:55,400","01:18:57,484","Conspiracy Office, how can I help you?",BERNADINE
"01:19:09,192","01:19:12,859","Yeah, I've slept with several in my life so far, and on balance,",BERNADINE
"01:19:12,942","01:19:14,484",I'd have to say it is better.,BERNADINE
"01:19:14,567","01:19:16,942",I think that's a big part of what's got you worked up.,BERNADINE
"01:19:17,942","01:19:20,609",It's not so much that it's bigger. It's just better.,BERNADINE
"01:19:20,692","01:19:21,692",Hang up the phone.,WEINGLASS
"01:19:20,692","01:19:21,692",Hang up the phone.,TOM
"01:19:24,109","01:19:26,025",Was that a parting gift for Bobby?,WEINGLASS
"01:19:27,067","01:19:29,609",No. That was just for me.,BERNADINE
"01:19:43,067","01:19:45,234",Why the fuck did you stand up?,JERRY
"01:19:45,984","01:19:46,859",It was a reflex.,TOM
"01:19:46,942","01:19:48,734",He was respecting the institution.,RENNIE
"01:19:48,817","01:19:52,900","I don't know what good it does to insult the judge in view of the jury, the press,",TOM
"01:19:56,442","01:19:59,775","It's a revolution, Tom. We may have to hurt somebody's feelings.",ABBIE
"01:20:06,484","01:20:09,942","Maybe Monday morning, we could read the names into the record",RENNIE
"01:20:10,025","01:20:11,150",as a way of saying--,RENNIE
"01:20:10,025","01:20:11,150",as a way of saying--,TOM
"01:20:11,234","01:20:12,067",Saying what?,DELUCA
"01:20:12,150","01:20:16,442","That whatever we're facing, you know, it's peanuts compared to what--",RENNIE
"01:20:22,734","01:20:26,109","No, we were arrested... The law doesn't recognize political trials.",TOM
"01:20:32,109","01:20:35,567","Lee, John, have you guys asked yourselves what you're doing here?",ABBIE
"01:20:35,650","01:20:36,484",Every day.,WEINER
"01:20:36,567","01:20:38,067",You're a give-back.,ABBIE
"01:20:38,150","01:20:40,692",They give the jury a couple of guys they can acquit,ABBIE
"01:20:40,775","01:20:43,567",so they feel better about finding the rest of us guilty.,ABBIE
"01:20:46,567","01:20:48,359","Lenny, am I wrong?",ABBIE
"01:20:50,650","01:20:54,650","Wait, so our role in history is that we made it easier to convict our friends?",FROINES
"01:20:54,734","01:20:57,525",They're gonna find us guilty if they just don't like you.,ABBIE
"01:21:00,067","01:21:02,650",I can take the stand. I'm easier for them to like.,DAVE
"01:21:10,942","01:21:13,275",You're a conscientious objector.,KUNSTLER
"01:21:13,359","01:21:15,234",A lot of people are conscientious objectors.,DAVE
"01:21:47,650","01:21:50,359","Outgoing cabinet members are supposed to resign,",RENNIE
"01:21:50,442","01:21:53,234",but Ramsey Clark didn't tender his resignation till--,RENNIE
"01:21:53,317","01:21:55,359",I read Mitchell had a fit about that.,JERRY
"01:22:00,942","01:22:03,067",He was never even on our witness list.,KUNSTLER
"01:22:03,150","01:22:04,150",Who?,TOM
"01:22:04,234","01:22:08,817",- The first witness you put on the stand-- - If this was a political trial...,KUNSTLER
"01:22:11,484","01:22:13,775",I need my office to find Ramsey Clark.,KUNSTLER
"01:22:14,525","01:22:17,275",And William Kunstler just showed up.,ABBIE
"01:22:32,400","01:22:33,400",Len.,BOBBY
"01:22:32,400","01:22:33,400",Len.,KUNSTLER
"01:22:38,275","01:22:41,400","Maybe... I don't know, does he have a Secret Service detail?",WEINGLASS
"01:22:41,484","01:22:44,525","Nah, they're here for us.",KUNSTLER
"01:22:50,150","01:22:52,442",He was the attorney general. What do we do?,KUNSTLER
"01:23:04,900","01:23:08,109","Good morning, I'm Bill Kunstler. Mr. Clark is expecting us.",KUNSTLER
"01:23:08,192","01:23:09,192",Come in.,JANE
"01:23:19,984","01:23:22,150",He's in his study at the end of the hall.,JANE
"01:23:24,067","01:23:26,359","I tell you what, ma'am. That sounds great.",KUNSTLER
"01:23:26,442","01:23:27,775",Nothing for me. Thank you.,WEINGLASS
"01:23:28,609","01:23:30,192",At the end of the hall.,JANE
"01:23:33,525","01:23:36,734",I read in the paper you were the only one who stood for the judge,JANE
"01:23:40,109","01:23:43,484","Uh, that was a mistake. It was just a reflex.",TOM
"01:23:43,567","01:23:44,567",Tom?,SCHULTZ
"01:23:55,734","01:23:56,734","Hey, Bill.",ABBIE
"01:23:58,400","01:23:59,567",Ramsey Clark.,CLARK
"01:24:00,442","01:24:01,775","Pleased to meet you, sir.",SCHULTZ
"01:24:00,442","01:24:01,775","Pleased to meet you, sir.",KUNSTLER
"01:24:07,650","01:24:09,192","Oh, I know who Tom Hayden is.",CLARK
"01:24:12,775","01:24:16,317","Those two men, they're senior deputies with the Justice Department.",CLARK
"01:24:19,150","01:24:22,067",- I don't know why these men are here. - I invited them.,KUNSTLER
"01:24:22,650","01:24:23,525",You invited them?,CLARK
"01:24:22,650","01:24:23,525",You invited them?,KUNSTLER
"01:24:23,609","01:24:26,150",I don't want the appearance of impropriety.,CLARK
"01:24:26,234","01:24:27,734",There isn't any impropriety.,KUNSTLER
"01:24:27,817","01:24:30,025",And now there are witnesses to that.,CLARK
"01:24:30,109","01:24:34,859","Sir, these men are gonna call Schultz and Foran as soon as we're done.",KUNSTLER
"01:24:34,942","01:24:38,234",Don't be ridiculous. They already called Schultz and Foran.,CLARK
"01:24:38,317","01:24:41,484",And they're gonna call John Mitchell as soon as we're done here.,CLARK
"01:24:42,109","01:24:43,775","Go ahead, ask what you wanna ask.",CLARK
"01:24:45,067","01:24:47,400",- In front of them? - Yeah.,KUNSTLER
"01:24:53,192","01:24:57,359","Mr. Clark, while you were attorney general for President Johnson",KUNSTLER
"01:24:57,442","01:24:59,609",was there ever any discussion with the White House,KUNSTLER
"01:24:59,692","01:25:01,859",about seeking indictments against my clients?,KUNSTLER
"01:25:01,942","01:25:03,775",- He can't answer that. - Why not?,HOWARD
"01:25:03,859","01:25:04,859",It's against the law.,HOWARD
"01:25:04,942","01:25:08,025",That's an overly broad interpretation of the law.,WEINGLASS
"01:25:10,067","01:25:12,275","We've dealt with jury tampering, wiretapping,",KUNSTLER
"01:25:12,359","01:25:14,525","a defendant that was literally gagged,",KUNSTLER
"01:25:17,359","01:25:19,609",that would be considered wrong in Honduras.,KUNSTLER
"01:25:19,692","01:25:23,900",So I'm a little less interested in the law than I was when this trial began.,KUNSTLER
"01:25:23,984","01:25:29,359","Well, whether you like the law or not, as former AG, he is protected by it.",HOWARD
"01:25:32,150","01:25:34,817","And with respect, sir, I can subpoena you.",KUNSTLER
"01:25:34,900","01:25:37,734",Find a judge in this circuit who will sign that subpoena.,HOWARD
"01:25:37,817","01:25:41,567",He's right. And taking the stand voluntarily would be a big risk for me.,CLARK
"01:25:43,984","01:25:47,359",my clients take a much bigger risk when they...,KUNSTLER
"01:25:54,650","01:25:57,067",I'm sorry. What took me so long to do what?,KUNSTLER
"01:25:57,150","01:25:59,109",To realize I'm your star witness.,CLARK
"01:26:02,025","01:26:04,692",- We were remarking upon that ourselves-- - Bill...,KUNSTLER
"01:26:04,775","01:26:05,984",He can't testify.,HOWARD
"01:26:08,525","01:26:11,192","And if John Mitchell wants to cut me in half,",CLARK
"01:26:11,275","01:26:12,900",he can and he will.,WEINGLASS
"01:26:15,734","01:26:17,900","Sir, you have to find some courage now...",TOM
"01:26:19,192","01:26:21,942",- And-- - Find some courage? Yeah.,CLARK
"01:26:22,025","01:26:24,692",Yes. You have to find some courage and--,TOM
"01:26:24,775","01:26:25,775",Tom.,HOWARD
"01:26:24,775","01:26:25,775",Tom.,WEINGLASS
"01:26:29,567","01:26:32,025","That's what those two men came to tell me,",CLARK
"01:26:32,109","01:26:36,067","that if John Mitchell wants to cut me in half, he can and he will.",CLARK
"01:26:41,692","01:26:43,025","""When do you want me in court?""",CLARK
"01:26:45,817","01:26:46,942",Mr. Clark?,HOWARD
"01:26:49,109","01:26:50,442","Swear me in, Bill.",CLARK
"01:26:50,525","01:26:54,984","It is against the law for you to testify, Ramsey. It is as simple as that.",HOWARD
"01:26:55,775","01:26:57,067",It's General Clark.,CLARK
"01:26:57,775","01:26:59,942",And arrest me or shut the fuck up.,CLARK
"01:27:08,484","01:27:11,025","Your Honor, the People move to disallow this witness.",SCHULTZ
"01:27:14,150","01:27:16,109",Code of federal regulations mandates,SCHULTZ
"01:27:18,567","01:27:21,609","is prohibited without prior knowledge of the attorney general,",SCHULTZ
"01:27:21,692","01:27:24,650","plainly meaning the sitting attorney general,",SCHULTZ
"01:27:24,734","01:27:27,567","who is John Mitchell, who has denied his approval.",SCHULTZ
"01:27:27,650","01:27:32,525","Judge, the rule refers only to very specific documents and information.",WEINGLASS
"01:27:32,609","01:27:36,317","If the regulation were interpreted as Mr. Schultz is asking it to be,",WEINGLASS
"01:27:36,400","01:27:38,234",nobody in the federal government,WEINGLASS
"01:27:38,317","01:27:41,734",could ever testify in any trial after they left their job.,WEINGLASS
"01:27:43,859","01:27:46,567",I think the government is at least justified,JUDGE HOFFMAN
"01:27:46,650","01:27:50,150","in asking the defense to demonstrate, by voir dire,",JUDGE HOFFMAN
"01:27:50,234","01:27:53,067",the testimony it expects to elicit from the witness.,JUDGE HOFFMAN
"01:27:53,150","01:27:56,900","You'd like us to question the witness, this witness,",KUNSTLER
"01:27:59,900","01:28:04,400","If I find any of the testimony relevant, I'll call the jury back in to hear it.",JUDGE HOFFMAN
"01:28:10,442","01:28:12,734",Defense calls Ramsey Clark.,CLARK
"01:28:10,442","01:28:12,734",Defense calls Ramsey Clark.,KUNSTLER
"01:28:10,442","01:28:12,734",Defense calls Ramsey Clark.,KUNSTLER
"01:28:25,817","01:28:26,900",State your name.,BAILIFF
"01:28:30,692","01:28:33,234","will be the truth, the whole truth and nothing but the truth?",BAILIFF
"01:28:37,275","01:28:42,692","Mr. Clark, what was your occupation in the summer of 1968?",KUNSTLER
"01:28:42,775","01:28:45,150",I was the attorney general of the United States.,CLARK
"01:28:45,234","01:28:47,775",- You were appointed by President Johnson? - Yes.,KUNSTLER
"01:29:34,859","01:29:36,109","Excuse me, sir?",JUDGE HOFFMAN
"01:29:36,692","01:29:39,734",The president isn't a client of the attorney general.,CLARK
"01:29:44,359","01:29:47,817",Hearing from the witness on this point is highly irregular.,SCHULTZ
"01:29:55,817","01:29:59,484","But the witness is the former, uh...",JUDGE HOFFMAN
"01:29:59,567","01:30:03,150","He's just stated his willingness, you know,",JUDGE HOFFMAN
"01:30:03,234","01:30:07,275","so, for the purposes of voir dire, I'll hear the answer.",JUDGE HOFFMAN
"01:30:16,400","01:30:19,984",The president asked me if I intended to seek any indictments,CLARK
"01:30:24,400","01:30:25,900",And what did you tell him?,KUNSTLER
"01:30:25,984","01:30:28,567",I told him we wouldn't be seeking indictments.,CLARK
"01:30:28,650","01:30:30,192",And can you tell us why?,KUNSTLER
"01:30:30,275","01:30:34,692",An investigation by our criminal division led to the conclusion,CLARK
"01:31:17,067","01:31:18,609",and the sitting attorney general.,KUNSTLER
"01:31:23,317","01:31:24,150",Mr. Kunstler.,JUDGE HOFFMAN
"01:31:40,234","01:31:42,275","the one that matters, came to a new conclusion.",SCHULTZ
"01:31:42,359","01:31:46,150","Therefore, motivation of the prosecution has to be called into question.",KUNSTLER
"01:31:46,234","01:31:49,734",The motivation of the prosecution is not an issue in a courtroom.,SCHULTZ
"01:31:49,817","01:31:53,734","In any courtroom I've ever been in, except this one.",KUNSTLER
"01:31:57,525","01:32:01,567","that will demonstrate that this witness will make a material contribution,",JUDGE HOFFMAN
"01:32:10,234","01:32:13,442",You're not gonna let the jury hear his testimony.,RENNIE
"01:32:10,234","01:32:13,442",You're not gonna let the jury hear his testimony.,KUNSTLER
"01:32:16,109","01:32:18,817","which you have not thus far done, that this witness--",JUDGE HOFFMAN
"01:32:18,900","01:32:22,025",- Are you any good? - Are you addressing the court reporter?,JUDGE HOFFMAN
"01:32:23,650","01:32:25,359",Is this prosecution politically motivated?,KUNSTLER
"01:32:27,025","01:32:29,109",President Nixon inherited an unpopular war.,KUNSTLER
"01:32:29,192","01:32:30,442","- Yes. - Step down, Mr. Clark.",JUDGE HOFFMAN
"01:32:30,525","01:32:32,859",And your clients make it more unpopular every day.,CLARK
"01:32:32,942","01:32:37,609","This administration is paranoid about the SDS, the Mobe, the New Left...",KUNSTLER
"01:32:40,359","01:32:44,775","Please, sir. I will be forced to find you in contempt.",JUDGE HOFFMAN
"01:32:49,234","01:32:50,234","I do, Your Honor.",KUNSTLER
"01:32:49,234","01:32:50,234","I do, Your Honor.",CLARK
"01:32:56,275","01:32:57,442","Thank you, sir.",SCHULTZ
"01:32:56,275","01:32:57,442","Thank you, sir.",KUNSTLER
"01:33:18,525","01:33:21,234","Your Honor, when the jury returns,",KUNSTLER
"01:33:22,400","01:33:26,234",will they be informed that the defense had called,KUNSTLER
"01:33:29,484","01:33:33,234",but this court ruled that he couldn't testify?,KUNSTLER
"01:33:34,025","01:33:36,234","No, that motion will be denied.",JUDGE HOFFMAN
"01:33:56,025","01:33:59,567",Cite Mr. Kunstler with his third count of contempt.,JUDGE HOFFMAN
"01:34:05,859","01:34:07,109",You're a thug.,DAVE
"01:34:07,192","01:34:09,400",Did one of the defendants speak?,JUDGE HOFFMAN
"01:34:09,484","01:34:13,275","I did. I said you're a thug, because you are.",DAVE
"01:34:13,359","01:34:15,109","- Dave. - Please sit, Mr. Dellinger.",JUDGE HOFFMAN
"01:34:17,734","01:34:19,359","Marshals, seat the defendant.",JUDGE HOFFMAN
"01:34:19,442","01:34:22,734","If we're guilty, which you have clearly decided--",DAVE
"01:34:32,984","01:34:34,942","If we're guilty, why not give us a trial?",DAVE
"01:34:32,984","01:34:34,942","If we're guilty, why not give us a trial?",DAVE
"01:34:35,025","01:34:38,525","I mean, I have sat here for six months and watched you!",DAVE
"01:34:38,609","01:34:40,942",You don't need to grab my arm.,DAVE
"01:35:08,025","01:35:09,067",I'm sorry.,DAVE
"01:35:49,567","01:35:52,275","Tomorrow, we go into court and get ourselves arrested.",JERRY
"01:35:53,192","01:35:54,525",We're already arrested.,TOM
"01:35:55,234","01:35:57,525",Is Bill talking to you about taking the stand?,JERRY
"01:35:58,150","01:36:01,025",The press guys are saying Bill's been talking to you about it.,JERRY
"01:36:01,109","01:36:02,442",He's been talking about it.,TOM
"01:36:02,525","01:36:05,817",He thinks you might get the crowd worked up with a position paper?,JERRY
"01:36:05,900","01:36:09,400",Maybe he thinks I won't try to get the crowd worked up at all.,TOM
"01:36:09,984","01:36:13,650",Maybe he thinks there are jurors who relied on the safety of the police,TOM
"01:36:13,734","01:36:15,900","and are put off when someone calls them pigs,",TOM
"01:36:15,984","01:36:18,400",or maybe he wants a witness who dresses like a grown man.,TOM
"01:36:18,484","01:36:24,025",The cops in this city in the summer of 1968 were pigs.,JERRY
"01:36:24,609","01:36:26,734",I wonder how many of them had kids in Vietnam.,TOM
"01:36:28,609","01:36:30,442","He's gonna take the stand, not you?",JERRY
"01:36:33,900","01:36:34,734",Abbie?,JERRY
"01:36:34,817","01:36:37,692","What did you mean, the last thing I want is to end the war?",ABBIE
"01:36:53,609","01:36:54,942",What did you mean by that?,DAVE
"01:36:57,567","01:36:58,650",Yeah...,JERRY
"01:36:57,567","01:36:58,650",Yeah...,WEINGLASS
"01:37:44,400","01:37:48,484","Equality, justice, education, poverty and progress, they're second?",ABBIE
"01:37:58,817","01:38:01,400","Okay, so, uh, Jerry was talking about standing--",RENNIE
"01:38:04,067","01:38:05,567",We don't have any money.,ABBIE
"01:38:09,900","01:38:13,567",and it's astonishing that someone still has to explain that to you.,TOM
"01:38:09,900","01:38:13,567",and it's astonishing that someone still has to explain that to you.,ABBIE
"01:38:13,650","01:38:16,192",You're trading a cow for magic beans.,TOM
"01:38:16,275","01:38:17,859",That ended up working.,JERRY
"01:38:23,900","01:38:27,317",I can't remember what happened after that. The little boy may have gotten eaten--,JERRY
"01:38:27,400","01:38:29,109",The giant turned out to be nice.,FROINES
"01:38:31,275","01:38:33,900",It's hard to believe the seven of us weren't able to end a war.,WEINER
"01:38:33,984","01:38:35,109",Let me ask you something...,ABBIE
"01:38:35,192","01:38:36,442",You guys should shake hands.,RENNIE
"01:38:36,525","01:38:39,859",Think Chicago would've gone differently if Kennedy got the nomination?,ABBIE
"01:38:43,609","01:38:46,692","Yes, I do. I think the Irish guys would have sat down with Daley,",TOM
"01:38:47,942","01:38:49,734",- I think so too. - Yeah?,ABBIE
"01:38:49,817","01:38:51,025",That's why I was wondering.,ABBIE
"01:38:51,942","01:38:54,192",Weren't you just a little bit happy,ABBIE
"01:38:54,275","01:38:57,067",when the bullet ripped through his head?,ABBIE
"01:38:57,900","01:39:01,067","No Chicago, no Tom Hayden.",ABBIE
"01:39:10,150","01:39:13,650",Think about that the next time you shrug off cultural revolution.,ABBIE
"01:39:15,359","01:39:18,025","We define winning differently, you and I.",ABBIE
"01:39:22,609","01:39:26,109","Tom tried to beat me up, but through sheer force of intellectual superiority--",ABBIE
"01:39:26,192","01:39:29,067",Stop talking. Just stop talking.,KUNSTLER
"01:39:35,192","01:39:37,525",It was given to them by somebody in the crowd.,KUNSTLER
"01:39:37,609","01:39:40,234","No foul play, there are affidavits.",KUNSTLER
"01:39:42,984","01:39:43,984",What's on the tape?,DELUCA
"01:39:42,984","01:39:43,984",What's on the tape?,TOM
"01:39:44,067","01:39:47,025",The sound of you starting the Chicago riot.,KUNSTLER
"01:39:49,317","01:39:50,317",Hey. What?,BOBBY
"01:39:52,817","01:39:56,067",Somebody had a tape recorder by the bandshell. They got you saying it.,KUNSTLER
"01:40:28,442","01:40:30,775",Sure. I'll show you what my answers will sound like.,TOM
"01:40:30,859","01:40:34,400","They called him a radical, they called him a criminal!",DAVE
"01:40:38,025","01:40:41,275","First of all, it turned out the guy climbing the flagpole was a kid.",TOM
"01:40:41,359","01:40:44,734",It seems like you guys attract an awful lot of underage minors.,KUNSTLER
"01:40:48,734","01:40:51,025",who have the most to lose by this war continuing.,TOM
"01:40:51,109","01:40:53,025",I'm glad you brought that up. Did you serve?,KUNSTLER
"01:40:53,109","01:40:55,775",I wasn't drafted. I didn't try to evade the...,TOM
"01:40:58,817","01:41:01,150","I did not volunteer to kill Vietnamese people, no.",TOM
"01:41:01,234","01:41:05,359",You testified you saw at least six policemen start to go after the man...,KUNSTLER
"01:41:08,150","01:41:09,400",- Yes. - It was dark.,TOM
"01:41:09,484","01:41:12,650","You were 100 yards away. What do you have, telescopic night-vision?",KUNSTLER
"01:41:12,734","01:41:13,984",There were floodlights.,TOM
"01:41:18,275","01:41:24,025",that ignominious distinction goes to those who mouth America's values,DAVE
"01:41:24,900","01:41:27,192","while breaking America's heart.""",DAVE
"01:41:29,025","01:41:31,067",I'd like to introduce you now,DAVE
"01:41:36,275","01:41:39,025","Hey, it's all right. He's a kid. We'll get him down.",RENNIE
"01:41:50,025","01:41:51,317","Hey, leave the kid alone!",RENNIE
"01:41:55,484","01:41:57,484",Rennie was trying to get the police off of the kid.,TOM
"01:41:57,567","01:41:59,025","""Get the police off of the kid.""",KUNSTLER
"01:42:00,109","01:42:01,817",- He was-- - Grabbing them?,KUNSTLER
"01:42:04,317","01:42:07,609",I'd like to say to the cops back there that we're allowed to be here.,FROINES
"01:42:12,317","01:42:15,775",It was six armed police officers versus Rennie and a pocket protector.,TOM
"01:42:17,484","01:42:19,525",How about your response? Let's press play.,KUNSTLER
"01:42:29,192","01:42:31,859",Listen. We can still get everyone out of here safely.,DAVE
"01:42:31,942","01:42:33,234","No, we can't.",TOM
"01:42:39,109","01:42:42,317",Dellinger tried to stop you from saying what you were about to say.,KUNSTLER
"01:42:42,400","01:42:43,775",Tell them to stay calm.,DELUCA
"01:42:42,400","01:42:43,775",Tell them to stay calm.,DAVE
"01:42:47,567","01:42:49,817",- Tom? - Did you tell 'em to stay calm?,KUNSTLER
"01:42:49,900","01:42:54,942","Wait, Rennie Davis has just been beaten by the police.",TOM
"01:42:55,025","01:42:58,484",Rennie's skull has been cracked open.,TOM
"01:43:01,150","01:43:04,359","I'm Richard Schultz, Tom. And John Mitchell told me to win.",KUNSTLER
"01:43:04,442","01:43:06,734",Did you tell your crowd to stay calm or--,KUNSTLER
"01:43:06,817","01:43:08,525",Yes. If blood is gonna flow...,TOM
"01:43:08,609","01:43:10,900",...let it flow all over the city!,TOM
"01:43:13,525","01:43:15,984",let it come down all over Chicago!,TOM
"01:43:16,067","01:43:18,900",We're going to the convention! Let's get on the streets!,TOM
"01:43:18,984","01:43:20,609",Get on the street!,TOM
"01:43:26,067","01:43:28,942","What was that, an order to start a peaceful demonstration?",KUNSTLER
"01:43:34,692","01:43:37,609","Once you had a moment to settle down, did you try and stop people?",KUNSTLER
"01:43:59,275","01:44:02,317",- You didn't try and stop anyone. - No.,KUNSTLER
"01:44:02,400","01:44:06,359",The bridges! Head to the bridges! The bridges!,TOM
"01:44:06,442","01:44:08,525",You told them to go to the footbridges.,KUNSTLER
"01:44:08,609","01:44:12,192",The ones able to make it out of the park without getting arrested or maimed.,TOM
"01:44:12,275","01:44:14,859","And those people, the ones you sent to the footbridges,",KUNSTLER
"01:44:26,775","01:44:28,942",All access to the convention was blocked.,KUNSTLER
"01:44:32,900","01:44:35,484",Jeeps fitted with concertina wire called Daley dozers.,TOM
"01:44:39,775","01:44:42,817",Let's find out. Were glass bottles thrown at the police?,KUNSTLER
"01:44:49,025","01:44:51,900",Some people threw bottles. Dave was trying to shut it down.,TOM
"01:44:53,900","01:44:56,692","So you, Abbie, Jerry and 11 others eluded the police.",KUNSTLER
"01:44:56,775","01:44:59,400",I wouldn't say we eluded them. We were fleeing from them.,TOM
"01:44:59,484","01:45:00,942",Found an unguarded bridge...,KUNSTLER
"01:45:05,817","01:45:07,734",Now here's where things got weird.,ABBIE
"01:45:07,817","01:45:11,734","You, Abbie, Jerry and 11 others found the only way to the convention.",KUNSTLER
"01:45:12,484","01:45:15,275","In the lobby of the Hilton, right next to the convention center,",ABBIE
"01:45:15,359","01:45:17,775",is a bar called the Haymarket Tavern.,ABBIE
"01:45:21,192","01:45:23,609",for Chicago's political class and their hookers.,ABBIE
"01:45:25,817","01:45:30,192",And the place was packed to watch Humphrey getting the nomination a mile away.,ABBIE
"01:45:38,567","01:45:41,234","The great state of Ohio, the Buckeye State--",DELEGATE
"01:45:41,317","01:45:42,567",The Buckeye State!,PATRONS
"01:45:43,484","01:45:47,609",One side of the Haymarket Tavern is a picture window with smoked glass.,ABBIE
"01:45:50,859","01:45:52,484","You made it through the riot police,",KUNSTLER
"01:45:52,567","01:45:55,650","tear gas, the National Guard, you're in sight of the convention center.",KUNSTLER
"01:46:06,234","01:46:08,317",We were trapped between the window and the police.,TOM
"01:46:08,400","01:46:09,734",What's another word for trapped?,KUNSTLER
"01:46:08,400","01:46:09,734",What's another word for trapped?,KUNSTLER
"01:46:16,984","01:46:19,859","Inside the bar, it's like the '60s never happened.",ABBIE
"01:46:19,942","01:46:23,359","Outside the bar, the '60s were being performed",ABBIE
"01:46:23,442","01:46:25,234",for anyone who looked out of the window.,ABBIE
"01:46:26,025","01:46:27,567",Anyone know what a buckeye is?,BAR PATRON #1
"01:46:28,984","01:46:31,359",A buckeye is a nut. A poisonous nut.,BAR PATRON #2
"01:46:31,442","01:46:32,650",Hey.,JERRY
"01:46:31,442","01:46:32,650",Hey.,TOM
"01:46:35,942","01:46:38,609",Am I the only one who sees what's going on out there?,WOMAN
"01:46:38,692","01:46:42,150",And we see a cop do something you don't ever wanna see a cop do.,ABBIE
"01:46:47,859","01:46:52,859","'60s outside the bar, '50s inside the bar.",ABBIE
"01:46:57,067","01:46:58,067",It's a nut.,KUNSTLER
"01:46:57,067","01:46:58,067",It's a nut.,BAR PATRON #2
"01:47:02,609","01:47:04,109",Were you resisting arrest?,KUNSTLER
"01:47:04,192","01:47:07,359",- They pushed us through the window! - You overrun the riot police...,TOM
"01:47:09,025","01:47:13,025",Over 400 people admitted to area hospitals with severe injuries!,KUNSTLER
"01:47:17,984","01:47:21,400",We were trying to protest peacefully at the fucking convention!,KUNSTLER
"01:47:35,692","01:47:37,359",Hands behind your back.,POLICEMAN
"01:47:42,984","01:47:44,775","Who started the riot, Tom?",KUNSTLER
"01:47:55,984","01:47:56,984",Our...,TOM
"01:48:07,900","01:48:09,567","You meant to say,",KUNSTLER
"01:48:10,525","01:48:13,984","""If our blood is gonna flow, then let it flow all over the city.""",ABBIE
"01:48:15,567","01:48:19,109","You were saying, ""If they're gonna beat us up, everyone should see it.""",ABBIE
"01:48:24,525","01:48:25,775",Jesus Christ!,STAHL
"01:48:24,525","01:48:25,775",Jesus Christ!,RENNIE
"01:48:25,859","01:48:28,859","You do this... He does this, it's a pattern.",ABBIE
"01:48:38,317","01:48:40,234",You read the Port Huron Statement?,TOM
"01:48:40,317","01:48:41,984",I've read everything you've published.,ABBIE
"01:48:46,984","01:48:49,275",- Except for the possessive pronouns. - I know.,ABBIE
"01:48:49,359","01:48:50,984",And the vague noun modifiers.,ABBIE
"01:49:00,984","01:49:02,567",Put Abbie on the stand instead.,TOM
"01:49:06,150","01:49:08,984","Would you state your full name for the record, please?",SCHULTZ
"01:49:06,150","01:49:08,984","Would you state your full name for the record, please?",JUDGE HOFFMAN
"01:49:09,567","01:49:10,567",It's Abbie.,ABBIE
"01:49:11,192","01:49:12,192",Last name.,RENNIE
"01:49:11,192","01:49:12,192",Last name.,JUDGE HOFFMAN
"01:49:12,817","01:49:14,859","My grandfather's name was Shaboysnakoff,",ABBIE
"01:49:14,942","01:49:18,025","but he was a Russian Jew protesting anti-Semitism,",ABBIE
"01:49:18,109","01:49:21,275",so he was assigned a name that would sound like yours.,ABBIE
"01:49:22,067","01:49:23,859",What is your date of birth?,JUDGE HOFFMAN
"01:49:23,942","01:49:26,359","Psychologically, 1960.",ABBIE
"01:49:26,442","01:49:29,234",What were you doing until 1960?,JUDGE HOFFMAN
"01:49:29,317","01:49:32,484",Nothing. I believe it's called an American education.,ABBIE
"01:49:33,775","01:49:36,650",Why don't we just proceed with the testimony?,JUDGE HOFFMANE
"01:49:37,984","01:49:40,859","Abbie, do you know why you're on trial here?",KUNSTLER
"01:49:42,150","01:49:45,025",We carried certain ideas across state lines.,ABBIE
"01:49:49,192","01:49:50,400",Ideas.,KUNSTLER
"01:49:51,442","01:49:54,150",When we crossed from New York to New Jersey to Pennsylvania,ABBIE
"01:50:21,567","01:50:25,109","And if Lincoln had given that speech in Lincoln Park last summer,",ABBIE
"01:50:27,484","01:50:31,942","So how do you overthrow or dismember, as you say, your government peacefully?",KUNSTLER
"01:50:32,817","01:50:35,192","In this country, we do it every four years.",ABBIE
"01:50:37,234","01:50:38,275",That's all.,KUNSTLER
"01:50:47,442","01:50:53,067",So Chicago was just a massive voter registration drive.,SCHULTZ
"01:50:53,150","01:50:55,900",Yeah.,ABBIE
"01:50:56,484","01:50:59,067",Did you hear the tape we played of Tom Hayden?,SCHULTZ
"01:50:59,150","01:51:00,692",- Yes. - You heard the tape?,SCHULTZ
"01:51:59,067","01:52:00,067",Jerry Rubin.,SCOTT
"01:52:03,859","01:52:05,317",It was Jesus Christ.,KUNSTLER
"01:52:38,859","01:52:40,400",Please answer the question.,TOM
"01:53:02,817","01:53:06,150",that your plans for the convention were designed specifically,SCHULTZ
"01:53:08,734","01:53:11,609","If I'd known it was gonna be the first wish of mine that came true,",ABBIE
"01:53:15,067","01:53:18,567",were you hoping for a confrontation with the police?,SCHULTZ
"01:53:29,817","01:53:31,525",I'm concerned you have to think about it.,SCHULTZ
"01:53:34,734","01:53:37,359",I've never been on trial for my thoughts before.,ABBIE
"01:54:28,817","01:54:32,150",United States of America vs. David Dellinger et al.,BAILIFF
"01:54:42,859","01:54:46,442","The law requires that before sentencing,",JUDGE HOFFMAN
"01:54:59,859","01:55:01,775",the group has chosen Mr. Hayden.,JUDGE HOFFMAN
"01:55:24,609","01:55:30,775",I truly believe that one day you will be a very productive part of our system.,JUDGE HOFFMAN
"01:55:31,650","01:55:36,900",I'd like you to make your statement brief and without political content of any kind.,JUDGE HOFFMAN
"01:55:45,192","01:55:49,150",I will look favorably upon that when administering my sentence.,JUDGE HOFFMAN
"01:55:55,275","01:55:56,359",Mr. Hayden?,JANE
"01:55:55,275","01:55:56,359",Mr. Hayden?,JUDGE HOFFMAN
"01:55:59,025","01:56:01,942",- You'll look favorably in sentencing. - Yes.,TOM
"01:56:03,650","01:56:07,067",If I make my statement respectful and remorseful.,TOM
"01:56:11,567","01:56:13,817","I'm sorry, Your Honor, what was the third one?",TOM
"01:56:15,942","01:56:16,942",Brief.,JUDGE HOFFMAN
"01:56:19,609","01:56:22,942","If I do these things, my government will look favorably on me.",TOM
"01:56:23,025","01:56:24,234",You understand?,JUDGE HOFFMAN
"01:56:27,900","01:56:29,150",Please begin.,JUDGE HOFFMAN
"01:56:30,775","01:56:31,775",Okay.,ABBIE
"01:56:33,692","01:56:36,442","Your Honor, since this trial began,",TOM
"01:56:38,109","01:56:42,400","4,752 US troops have been killed in Vietnam.",TOM
"01:56:45,109","01:56:48,150",And the following... are their names.,TOM
"01:57:06,567","01:57:09,109","5,000 names for the record!",JUDGE HOFFMAN
"01:57:13,525","01:57:16,400","""Staff Sergeant David Cruz Chavez, 31 years old.""",TOM
"01:57:45,525","01:57:47,109",There will be order!,JUDGE HOFFMAN
"01:58:13,275","01:58:17,150","""Corporal Kenneth Joe Auston, 18 years old.""",TOM
"01:58:29,900","01:58:31,567","Let's show 'em some respect, sir.",SCHULTZ
"02:00:15,359","02:00:16,359",Sit down!,JERRY
"02:00:15,359","02:00:16,359",Sit down!,DAVE
